{T1S7-M0RR19VR-2804RZOH},01/04/2010 07:23:00,MLM0950,PC-9787,Logon
{Y9Q1-E4UA95YU-2380YQFD},01/04/2010 12:37:27,MLM0950,PC-9787,Logon
{E3K8-H0CT68ZY-8761PBVK},01/04/2010 16:22:00,MLM0950,PC-9787,Logoff
{M5D6-Z4MN46PP-2098IOVK},01/05/2010 07:03:00,MLM0950,PC-9787,Logon
{E9B0-O1FW74OT-1852EHQZ},01/05/2010 08:22:37,MLM0950,PC-4124,Logon
{B6M4-U4UN71AI-5546PLQB},01/05/2010 08:45:20,MLM0950,PC-4124,Logoff
{H7A4-P4HL37RY-2899XCTZ},01/05/2010 16:30:00,MLM0950,PC-9787,Logoff
{L1O5-P1FJ24SX-9839MZAY},01/06/2010 07:20:00,MLM0950,PC-9787,Logon
{D8A0-Q0YM96RI-1046KFPV},01/06/2010 12:16:51,MLM0950,PC-9787,Logon
{T8H2-N7WL87BK-9497TFRR},01/06/2010 16:04:00,MLM0950,PC-9787,Logoff
{F2S2-V5PA53VZ-7308JMQB},01/07/2010 07:15:00,MLM0950,PC-9787,Logon
{G8K9-U0LS52CO-4338BERF},01/07/2010 08:53:16,MLM0950,PC-9787,Logon
{N0Q1-W7XF75HZ-7489EWCL},01/07/2010 16:15:00,MLM0950,PC-9787,Logoff
{O7Q8-Z0RT74TS-2678NKBS},01/08/2010 07:04:00,MLM0950,PC-9787,Logon
{A8C2-H3TH28RF-7367HZUC},01/08/2010 12:23:51,MLM0950,PC-9787,Logon
{H0C1-F1TL58HA-6395OZGT},01/08/2010 15:32:35,MLM0950,PC-4124,Logon
{J4S9-C5IG48CQ-3201QZOD},01/08/2010 15:34:53,MLM0950,PC-4124,Logoff
{O7U5-F0JT90EA-8033JGUQ},01/08/2010 16:16:00,MLM0950,PC-9787,Logoff
{N1U2-T1AW22LM-6042YEZA},01/08/2010 20:20:30,MLM0950,PC-9787,Logon
{H6E3-J4ES58DN-5511BFRI},01/08/2010 22:10:46,MLM0950,PC-9787,Logoff
{Q3E4-O9TX49HL-8491YXAO},01/09/2010 07:06:00,MLM0950,PC-9787,Logon
{Z1R0-U9VQ21ZA-7617FIJW},01/09/2010 10:04:35,MLM0950,PC-9787,Logon
{U2O4-R0LX36LD-8075XSNG},01/09/2010 16:25:00,MLM0950,PC-9787,Logoff
{F5Z3-X5XX56QU-3011HFDB},01/10/2010 07:19:00,MLM0950,PC-9787,Logon
{M7X5-Y0JD01NS-9704JIWR},01/10/2010 11:01:17,MLM0950,PC-9787,Logon
{F3X6-Q6NO17TM-4370JBMI},01/10/2010 16:08:00,MLM0950,PC-9787,Logoff
{B3J0-G5MN98YM-0998UYWF},01/11/2010 07:00:00,MLM0950,PC-9787,Logon
{I1R7-W5WT93OB-0115ICXZ},01/11/2010 07:03:31,MLM0950,PC-4124,Logon
{P8B1-U2SB00UR-8488GMVP},01/11/2010 07:05:59,MLM0950,PC-4124,Logoff
{Z2I1-J1PU86RX-4522EWFZ},01/11/2010 16:18:00,MLM0950,PC-9787,Logoff
{Y1R7-C8OZ22CQ-7335VOBH},01/12/2010 07:18:00,MLM0950,PC-9787,Logon
{O2B3-S6DD86UA-6888SGSO},01/12/2010 10:34:16,MLM0950,PC-9787,Logon
{O7Q7-L0ZD18ID-3735QPPT},01/12/2010 16:12:00,MLM0950,PC-9787,Logoff
{O0W0-W2HG79XY-5038ASUR},01/13/2010 07:18:00,MLM0950,PC-9787,Logon
{Z3J1-Q0JE62BH-6815PZBX},01/13/2010 14:43:05,MLM0950,PC-4124,Logon
{Z2L8-K5TK25SG-1055FYCC},01/13/2010 14:45:52,MLM0950,PC-4124,Logoff
{U0L8-O1SB99BT-7764TKOB},01/13/2010 16:04:00,MLM0950,PC-9787,Logoff
{S0Q8-T0ND58ZL-7958LVUD},01/14/2010 07:10:00,MLM0950,PC-9787,Logon
{T8I0-M1HJ27VY-8619ZXLH},01/14/2010 16:20:00,MLM0950,PC-9787,Logoff
{R4P2-I3UU55ID-2866IVCV},01/15/2010 07:04:00,MLM0950,PC-9787,Logon
{S8I9-J7SG75HE-0251HYKI},01/15/2010 11:43:33,MLM0950,PC-9787,Logon
{D1K6-Q1MT87TO-0286AJEC},01/15/2010 16:13:00,MLM0950,PC-9787,Logoff
{S6W4-V5OK56VP-3185OISN},01/18/2010 07:15:00,MLM0950,PC-9787,Logon
{K5X7-I5TV29QK-6995QIVM},01/18/2010 11:17:08,MLM0950,PC-9787,Logon
{E0J0-D4ZV84IE-3474VMAI},01/18/2010 16:08:00,MLM0950,PC-9787,Logoff
{Z1E5-E4ZF93LG-7704FUJK},01/19/2010 07:10:00,MLM0950,PC-9787,Logon
{X9I7-Y1QX83EA-6303NREA},01/19/2010 16:27:00,MLM0950,PC-9787,Logoff
{C2L4-K8RE04WK-1571WGVU},01/20/2010 07:11:00,MLM0950,PC-9787,Logon
{O5J3-F0WK85IT-5940EHLE},01/20/2010 16:20:00,MLM0950,PC-9787,Logoff
{S4X7-D8QB59ZR-3909ULZD},01/21/2010 07:00:00,MLM0950,PC-9787,Logon
{U6V8-K5YU67MG-2452JOAW},01/21/2010 12:34:29,MLM0950,PC-9787,Logon
{X3M5-W2RP60ZQ-9280RRJT},01/21/2010 16:19:00,MLM0950,PC-9787,Logoff
{I0E3-Y0BN45KB-7525JJYR},01/22/2010 07:02:00,MLM0950,PC-9787,Logon
{W4U6-C1WL59VJ-6385CCAF},01/22/2010 16:28:00,MLM0950,PC-9787,Logoff
{D6T6-W9ST67PY-9389FJFX},01/24/2010 07:18:00,MLM0950,PC-9787,Logon
{Y3O0-P6XQ07BF-4178KTQB},01/24/2010 08:58:21,MLM0950,PC-4124,Logon
{A4X5-L2UN40YS-6367VIXZ},01/24/2010 09:38:27,MLM0950,PC-4124,Logoff
{X1H2-V2MR49ST-6316XPEW},01/24/2010 16:15:00,MLM0950,PC-9787,Logoff
{Q3F2-V5JV06RS-0544CRZP},01/25/2010 07:25:00,MLM0950,PC-9787,Logon
{I3V3-B2WY40YI-0460GIUG},01/25/2010 11:42:51,MLM0950,PC-9787,Logon
{E9C5-J7QA37QQ-6019HCYM},01/25/2010 16:11:00,MLM0950,PC-9787,Logoff
{M9V2-D7AO84CA-8738ISWD},01/26/2010 07:22:00,MLM0950,PC-9787,Logon
{O6D9-J4WM80KR-6193FDDU},01/26/2010 16:20:00,MLM0950,PC-9787,Logoff
{L7B3-D3CR12PV-6802FSCA},01/27/2010 07:23:00,MLM0950,PC-9787,Logon
{A5J8-S6OO71YW-3599FWQC},01/27/2010 11:00:24,MLM0950,PC-9787,Logon
{K3T2-V2BE70GV-8354WJFH},01/27/2010 16:09:00,MLM0950,PC-9787,Logoff
{D5N8-Y4UH46ZC-2842XKPG},01/28/2010 07:24:00,MLM0950,PC-9787,Logon
{B6M9-T8LD58OU-0145PTMR},01/28/2010 12:13:24,MLM0950,PC-9787,Logon
{L9P3-D9OJ58FU-6117BFRJ},01/28/2010 16:06:00,MLM0950,PC-9787,Logoff
{P3S8-R6FL83XE-1923CETE},01/29/2010 07:22:00,MLM0950,PC-9787,Logon
{W2P0-O4BI77LU-8844WGTR},01/29/2010 13:13:53,MLM0950,PC-9787,Logon
{Z8J4-F7OJ18OQ-1260AQYK},01/29/2010 16:10:00,MLM0950,PC-9787,Logoff
{E6V8-Q7FS25LU-9844XGXN},01/31/2010 07:20:00,MLM0950,PC-9787,Logon
{C8P7-Q7OZ28UB-6167UFJB},01/31/2010 12:46:06,MLM0950,PC-9787,Logon
{I8V7-Z2YM04LH-4924MOHJ},01/31/2010 15:44:07,MLM0950,PC-4124,Logon
{J4U6-V0AO87CM-5965YOOA},01/31/2010 16:01:32,MLM0950,PC-4124,Logoff
{I9R4-B9HI79WA-5242LGTX},01/31/2010 16:07:00,MLM0950,PC-9787,Logoff
{H2R5-J1GW85LM-1970NCXH},02/01/2010 07:17:00,MLM0950,PC-9787,Logon
{V1N1-S2VD89ZQ-3153MINN},02/01/2010 16:10:00,MLM0950,PC-9787,Logoff
{J5F5-L7QD50LI-6943VLAF},02/02/2010 07:15:00,MLM0950,PC-9787,Logon
{U0M5-A3AT64HO-2767QXUC},02/02/2010 09:57:36,MLM0950,PC-9787,Logon
{P5N6-V0NJ15VP-6047LSBY},02/02/2010 16:08:00,MLM0950,PC-9787,Logoff
{Z5J1-B8NN88WU-5927KKEE},02/03/2010 07:20:00,MLM0950,PC-9787,Logon
{B3R5-L0KJ20UR-1567WYNO},02/03/2010 11:28:56,MLM0950,PC-9787,Logon
{C3Q3-W0DZ25PR-0293BEIF},02/03/2010 16:05:00,MLM0950,PC-9787,Logoff
{T2V8-W6FT79FT-2774BIMB},02/04/2010 07:25:00,MLM0950,PC-9787,Logon
{X1S1-I0FQ45WT-9978NYDQ},02/04/2010 12:33:21,MLM0950,PC-9787,Logon
{D1K6-A7GZ42OB-9015NBDS},02/04/2010 16:25:00,MLM0950,PC-9787,Logoff
{V0G0-Y9MY32UV-6050IDTT},02/05/2010 07:17:00,MLM0950,PC-9787,Logon
{R0Y5-J3HP66HX-9400OGOA},02/05/2010 12:19:41,MLM0950,PC-9787,Logon
{D6Y5-C8RA56SX-2688HQRY},02/05/2010 16:09:00,MLM0950,PC-9787,Logoff
{F9S9-R1MS07YU-1998WVOH},02/08/2010 07:11:00,MLM0950,PC-9787,Logon
{G4C7-Z9ER18VJ-5396HYZF},02/08/2010 16:25:00,MLM0950,PC-9787,Logoff
{O6V8-T6VP63GO-4241ARIT},02/09/2010 07:21:00,MLM0950,PC-9787,Logon
{T9K2-C8JY59GU-6436BLUJ},02/09/2010 12:07:02,MLM0950,PC-9787,Logon
{Y4S5-L6BH94YZ-7674PPJG},02/09/2010 16:04:00,MLM0950,PC-9787,Logoff
{Y6D5-K1ON61YO-9909FUBL},02/10/2010 07:08:00,MLM0950,PC-9787,Logon
{R3Z3-G6XX40JI-5033VDNC},02/10/2010 10:48:25,MLM0950,PC-4124,Logon
{P7X9-O7AH22KO-7673IOFW},02/10/2010 10:50:25,MLM0950,PC-4124,Logoff
{T2V5-I0LP30AM-9181QYYM},02/10/2010 12:29:21,MLM0950,PC-9787,Logon
{V9Y4-C4TK77JF-0003UYLZ},02/10/2010 16:16:00,MLM0950,PC-9787,Logoff
{Z9T9-S7CY28VZ-1321JDUY},02/11/2010 07:04:00,MLM0950,PC-9787,Logon
{F2M9-C7QP01JC-2110KJRM},02/11/2010 12:20:29,MLM0950,PC-9787,Logon
{V5R8-X1AI93AZ-5932QWCM},02/11/2010 16:25:00,MLM0950,PC-9787,Logoff
{S0X4-J2KX92EW-1796EFRW},02/12/2010 07:11:00,MLM0950,PC-9787,Logon
{Y5Q7-J2LH72KA-9828CVRC},02/12/2010 13:05:51,MLM0950,PC-9787,Logon
{V8F8-R2RE41LT-2474BPVS},02/12/2010 16:19:00,MLM0950,PC-9787,Logoff
{D0I1-D2TC06EY-9270XMFO},02/13/2010 07:12:00,MLM0950,PC-9787,Logon
{F3B3-G7AB01FS-0020KWPH},02/13/2010 13:00:53,MLM0950,PC-9787,Logon
{O2V8-I0VE91ZE-7348KNWI},02/13/2010 16:23:00,MLM0950,PC-9787,Logoff
{Z8X8-D0HR27WA-7137LBUG},02/14/2010 07:01:00,MLM0950,PC-9787,Logon
{O9B7-R1QG98CC-7507BWJO},02/14/2010 12:37:09,MLM0950,PC-4124,Logon
{E0N8-O0EP60JG-1860TBEU},02/14/2010 12:53:33,MLM0950,PC-4124,Logoff
{X6A9-Z0HO62BW-1822JSVS},02/14/2010 16:20:00,MLM0950,PC-9787,Logoff
{T8F5-K5FR61WX-1125OFZV},02/15/2010 07:23:00,MLM0950,PC-9787,Logon
{Y1G5-R1GA15BM-4034VBMP},02/15/2010 10:38:20,MLM0950,PC-9787,Logon
{Q7L6-G0JF93KT-5030CEOL},02/15/2010 16:05:00,MLM0950,PC-9787,Logoff
{A3L5-C6AG06TP-5228NJVP},02/16/2010 07:26:00,MLM0950,PC-9787,Logon
{L4T5-B1PV17FJ-1483NBVF},02/16/2010 12:12:52,MLM0950,PC-9787,Logon
{E7K4-C2GD65QK-7223SUMT},02/16/2010 16:04:00,MLM0950,PC-9787,Logoff
{P5A5-E5WM86GU-4952OQCG},02/17/2010 07:13:00,MLM0950,PC-9787,Logon
{J9Y2-D9ZW86LE-8670GPFF},02/17/2010 11:59:30,MLM0950,PC-9787,Logon
{Q9Y8-N9DD94BR-3706DBIQ},02/17/2010 16:25:00,MLM0950,PC-9787,Logoff
{D6E9-B9LD51RX-7433LEMT},02/18/2010 07:00:00,MLM0950,PC-9787,Logon
{R8F4-X0BX78AB-2128SNJD},02/18/2010 07:37:16,MLM0950,PC-4124,Logon
{S2L1-Z8MY67ZC-9264MUBH},02/18/2010 07:57:46,MLM0950,PC-4124,Logoff
{I8O2-U0HB11TQ-1084HMUQ},02/18/2010 11:48:11,MLM0950,PC-9787,Logon
{X5P1-X7FY79RI-6185IJDV},02/18/2010 16:28:00,MLM0950,PC-9787,Logoff
{U6U4-V3CK56XK-7016DWOB},02/19/2010 07:17:00,MLM0950,PC-9787,Logon
{R7I4-T2QN08GJ-0086AAPA},02/19/2010 13:04:50,MLM0950,PC-9787,Logon
{H1X5-H9XJ76VG-4305ODHC},02/19/2010 16:16:00,MLM0950,PC-9787,Logoff
{F0C1-W8CB63IY-7445INEU},02/22/2010 07:17:00,MLM0950,PC-9787,Logon
{H0Y7-B2SO53CM-2126JWLL},02/22/2010 11:55:51,MLM0950,PC-9787,Logon
{C2O9-X6MJ38NS-1811XNZM},02/22/2010 16:07:00,MLM0950,PC-9787,Logoff
{M4O7-I8BF03UP-9726APWL},02/23/2010 07:22:00,MLM0950,PC-9787,Logon
{D3X0-C2WL92VW-7488MQHA},02/23/2010 10:32:34,MLM0950,PC-9787,Logon
{U7V1-A2OM74AB-4114UJTB},02/23/2010 16:27:00,MLM0950,PC-9787,Logoff
{D9K0-H4HQ87MK-2953EVZF},02/24/2010 07:25:00,MLM0950,PC-9787,Logon
{S0C3-E6IK43MD-9268HFJY},02/24/2010 09:55:17,MLM0950,PC-9787,Logon
{L1O5-H6WP07AZ-1320AGSO},02/24/2010 16:07:00,MLM0950,PC-9787,Logoff
{H1I3-K7PA91UC-2001QSBC},02/25/2010 07:02:00,MLM0950,PC-9787,Logon
{D4A7-L9IG16HD-9432OKJG},02/25/2010 16:09:00,MLM0950,PC-9787,Logoff
{S1X1-D1LC15XL-3882UVSV},02/26/2010 07:04:00,MLM0950,PC-9787,Logon
{L1F2-C4QE08KO-3657NVJK},02/26/2010 16:22:00,MLM0950,PC-9787,Logoff
{Y6E7-M0JA61QT-1177FEGC},03/01/2010 07:06:00,MLM0950,PC-9787,Logon
{O3G7-Q9FK86GG-0940TGQB},03/01/2010 07:09:30,MLM0950,PC-4124,Logon
{Z1T1-L7NP16TT-2184XRNE},03/01/2010 07:16:24,MLM0950,PC-4124,Logoff
{Y5H6-O4FD37IY-1689AMDU},03/01/2010 12:14:19,MLM0950,PC-9787,Logon
{B1E6-Y0LW05UQ-5562UOJU},03/01/2010 16:26:00,MLM0950,PC-9787,Logoff
{J8I6-R9JH61YL-3248HMKQ},03/02/2010 07:00:00,MLM0950,PC-9787,Logon
{A5G8-D0JE82SB-2351XJFU},03/02/2010 10:02:50,MLM0950,PC-9787,Logon
{Y3P5-L7IA92UC-2420FHCN},03/02/2010 16:27:00,MLM0950,PC-9787,Logoff
{W2T8-P1XR28JD-4630ZJVA},03/03/2010 07:05:00,MLM0950,PC-9787,Logon
{U6F1-V8UQ17TB-5694UWPG},03/03/2010 11:19:36,MLM0950,PC-9787,Logon
{Q2J9-E4QL90LS-3718WJAF},03/03/2010 16:23:00,MLM0950,PC-9787,Logoff
{K5I9-P4YQ05NZ-8165HDRH},03/04/2010 07:01:00,MLM0950,PC-9787,Logon
{P3X2-S4SR72TY-2169IXZR},03/04/2010 11:27:28,MLM0950,PC-9787,Logon
{B2C4-M1XN54OL-3720HQFI},03/04/2010 16:24:00,MLM0950,PC-9787,Logoff
{Y8S2-E4SU93HT-6420EDPR},03/05/2010 07:10:00,MLM0950,PC-9787,Logon
{M9K5-O1MC91YP-9318MQJY},03/05/2010 11:48:37,MLM0950,PC-9787,Logon
{G0Y9-U9XA01TY-3569OXJC},03/05/2010 16:09:00,MLM0950,PC-9787,Logoff
{C1Y3-W1XJ47RG-3866QZFA},03/06/2010 07:02:00,MLM0950,PC-9787,Logon
{K6C8-K1QJ25HJ-2453KPZM},03/06/2010 12:38:28,MLM0950,PC-9787,Logon
{J1N3-I8LC09HO-8361YQCA},03/06/2010 16:19:00,MLM0950,PC-9787,Logoff
{J6G4-I0BU03JW-4135DZBD},03/07/2010 07:10:00,MLM0950,PC-9787,Logon
{G8J8-B4XH70QC-8155LIRK},03/07/2010 16:06:00,MLM0950,PC-9787,Logoff
{K6H2-W8IB52QG-5244PRHZ},03/08/2010 07:25:00,MLM0950,PC-9787,Logon
{P2K4-F0PZ44PE-8918MVBQ},03/08/2010 12:48:49,MLM0950,PC-9787,Logon
{I8U2-K4ZI57CY-1528YEGG},03/08/2010 16:08:00,MLM0950,PC-9787,Logoff
{N7P9-V3UD36NV-4408VDPG},03/09/2010 07:13:00,MLM0950,PC-9787,Logon
{R3K4-A3PF31FE-0848JLNH},03/09/2010 13:07:03,MLM0950,PC-9787,Logon
{Z6P1-N7WD25MI-6244MYZF},03/09/2010 16:16:00,MLM0950,PC-9787,Logoff
{K4E0-W3NQ64PP-6889EJGQ},03/10/2010 07:14:00,MLM0950,PC-9787,Logon
{F7E5-Z9UL95TS-8530NVFM},03/10/2010 08:07:03,MLM0950,PC-4124,Logon
{X4Y2-F8AB58BE-4602IJWU},03/10/2010 08:14:52,MLM0950,PC-4124,Logoff
{G0Y1-E9CX10VB-7544FCGW},03/10/2010 12:30:01,MLM0950,PC-9787,Logon
{H7R2-D1VA76XH-8875QPFG},03/10/2010 16:29:00,MLM0950,PC-9787,Logoff
{N1S4-L5EI93FY-1628ZOYO},03/11/2010 07:00:00,MLM0950,PC-9787,Logon
{H5Z6-E6WO61ZL-3902RJEE},03/11/2010 10:45:37,MLM0950,PC-9787,Logon
{I7S9-Q6RD03HJ-4995SJYW},03/11/2010 16:06:42,MLM0950,PC-4124,Logon
{X8V8-J0MV62EF-3399UXEE},03/11/2010 16:12:02,MLM0950,PC-4124,Logoff
{A0N0-E2EL11GL-3812BWGO},03/11/2010 16:15:00,MLM0950,PC-9787,Logoff
{G5U9-L8CI19XR-8740EMHH},03/12/2010 07:19:00,MLM0950,PC-9787,Logon
{W8Z0-Q7WC66QB-7073QPUD},03/12/2010 10:02:17,MLM0950,PC-9787,Logon
{S0A1-D1DV29XG-6382YIXM},03/12/2010 16:04:00,MLM0950,PC-9787,Logoff
{I8X5-A0TC74BW-5119IINZ},03/13/2010 07:19:00,MLM0950,PC-9787,Logon
{C9O1-S6RW26NM-0447PIMK},03/13/2010 12:34:01,MLM0950,PC-9787,Logon
{X0N0-D9ZM40LA-1439WNDE},03/13/2010 16:20:00,MLM0950,PC-9787,Logoff
{K6Z8-N5JO20QI-8948ZXFO},03/14/2010 07:10:00,MLM0950,PC-9787,Logon
{J1W6-O1UZ88PA-3517AHIU},03/14/2010 11:40:25,MLM0950,PC-9787,Logon
{H0B2-L0LA17RI-8396EOVA},03/14/2010 16:21:00,MLM0950,PC-9787,Logoff
{W7N9-L6AD34ZJ-0225CABD},03/15/2010 07:22:00,MLM0950,PC-9787,Logon
{U8U9-N3IH21KR-9661UBBL},03/15/2010 09:49:07,MLM0950,PC-9787,Logon
{Y0C9-G1LO89JM-0245SZOB},03/15/2010 11:09:47,MLM0950,PC-4124,Logon
{N8J1-X3SS44JQ-2752PJZY},03/15/2010 11:19:04,MLM0950,PC-4124,Logoff
{Q6N1-P5EL96MY-8636VAAG},03/15/2010 16:11:00,MLM0950,PC-9787,Logoff
{C3T4-U2YN62BK-7856TPCQ},03/15/2010 21:58:18,MLM0950,PC-9787,Logon
{Y7M0-H8UV38GL-5065HTUS},03/16/2010 03:30:05,MLM0950,PC-9787,Logoff
{Y7I5-L4EP50NI-3910IPJE},03/16/2010 07:12:00,MLM0950,PC-9787,Logon
{S0Z8-A1SZ94UU-7214VVES},03/16/2010 12:07:11,MLM0950,PC-9787,Logon
{A5M8-J6OK27DZ-7824SCEW},03/16/2010 16:25:00,MLM0950,PC-9787,Logoff
{C4D7-J3IS49PX-3592OVYO},03/17/2010 07:01:00,MLM0950,PC-9787,Logon
{K9P2-P3XZ64VK-1341JLIN},03/17/2010 12:00:46,MLM0950,PC-9787,Logon
{M5L4-N9SD91FP-4929ZKCC},03/17/2010 16:26:00,MLM0950,PC-9787,Logoff
{V7S9-M7VI32PJ-2493EBIV},03/18/2010 07:04:00,MLM0950,PC-9787,Logon
{R7E3-S1VO65YR-1234KHXY},03/18/2010 07:05:21,MLM0950,PC-4124,Logon
{V2Y0-I0BK72BC-1253UQJT},03/18/2010 07:06:37,MLM0950,PC-4124,Logoff
{A8E7-E4TM52VJ-7452IDXA},03/18/2010 11:03:44,MLM0950,PC-9787,Logon
{S9R7-Z3KA47UL-0921XKBH},03/18/2010 16:19:00,MLM0950,PC-9787,Logoff
{A9T7-V1BB74AL-7791EIFH},03/19/2010 07:13:00,MLM0950,PC-9787,Logon
{F0H5-W7PD09XE-8752WHUE},03/19/2010 10:41:18,MLM0950,PC-4124,Logon
{E5P4-O1QZ00CQ-5265XLUR},03/19/2010 10:42:57,MLM0950,PC-4124,Logoff
{V9A4-N6MU10XI-2304WWLL},03/19/2010 16:23:00,MLM0950,PC-9787,Logoff
{H9L0-Z5XO73LT-9672CHLM},03/20/2010 07:11:00,MLM0950,PC-9787,Logon
{I0D6-H0LC03HR-9894WEBN},03/20/2010 12:20:05,MLM0950,PC-9787,Logon
{J2Y8-C0XO71VN-3920RRVO},03/20/2010 16:25:00,MLM0950,PC-9787,Logoff
{X0V7-O6WR35FN-6076PPDL},03/21/2010 07:21:00,MLM0950,PC-9787,Logon
{Y9W4-G3SK34SQ-0187YSFL},03/21/2010 13:18:30,MLM0950,PC-9787,Logon
{I7H5-A7VB33FH-5811ULCK},03/21/2010 16:12:00,MLM0950,PC-9787,Logoff
{F4U7-B0UR90CJ-5744ADIO},03/22/2010 07:21:00,MLM0950,PC-9787,Logon
{N2X0-U9FU98ZY-0694EZBT},03/22/2010 12:28:59,MLM0950,PC-9787,Logon
{Q1S4-X1DL96RW-4641UXAU},03/22/2010 16:08:00,MLM0950,PC-9787,Logoff
{P6J2-E8XQ42AG-2833TGYW},03/23/2010 07:05:00,MLM0950,PC-9787,Logon
{F7L7-Q1CB98RG-9956ZYUU},03/23/2010 07:22:17,MLM0950,PC-4124,Logon
{N3Q8-D8FM71NA-0895GNHY},03/23/2010 07:24:32,MLM0950,PC-4124,Logoff
{H6P3-G3BN36WR-8012KNOV},03/23/2010 11:36:25,MLM0950,PC-9787,Logon
{I4L4-Q3FG82MP-4802AKSB},03/23/2010 16:15:00,MLM0950,PC-9787,Logoff
{J7G5-T6ZH42UY-7088FTBF},03/24/2010 07:06:00,MLM0950,PC-9787,Logon
{A9W0-Z4XC33MX-2998RXWG},03/24/2010 12:57:49,MLM0950,PC-9787,Logon
{K3E3-G8QQ87VP-4602NAPP},03/24/2010 16:22:00,MLM0950,PC-9787,Logoff
{M7L4-I4AK95MS-1175ZAGA},03/25/2010 07:00:00,MLM0950,PC-9787,Logon
{L6L1-S3UF80UB-8514JWTR},03/25/2010 10:17:22,MLM0950,PC-9787,Logon
{J8W6-I1LD89SB-1623QXHN},03/25/2010 16:30:00,MLM0950,PC-9787,Logoff
{W8N8-S2YR56HQ-2433KSIL},03/26/2010 07:22:00,MLM0950,PC-9787,Logon
{B4N4-Z3JQ79ZU-0729UVKI},03/26/2010 10:32:39,MLM0950,PC-9787,Logon
{W9B2-Z5BQ45YQ-4964LTLY},03/26/2010 16:04:00,MLM0950,PC-9787,Logoff
{U9Z8-R9LT02IG-5949FJPP},03/27/2010 07:12:00,MLM0950,PC-9787,Logon
{F8X1-V2JA97WX-8979JWOW},03/27/2010 16:24:00,MLM0950,PC-9787,Logoff
{L8P5-Q1KT77JD-1881OTIR},03/28/2010 07:03:00,MLM0950,PC-9787,Logon
{E0E5-I0IY33FG-4822DSNW},03/28/2010 16:28:00,MLM0950,PC-9787,Logoff
{N0P6-U0LE36ZM-7155XBKH},03/29/2010 07:19:00,MLM0950,PC-9787,Logon
{B5H2-D7RZ68KY-5074JWLU},03/29/2010 10:33:28,MLM0950,PC-9787,Logon
{I5O3-J8JY26XZ-0477HHFW},03/29/2010 16:28:00,MLM0950,PC-9787,Logoff
{A2M7-B5XT58QI-9953AHCU},03/30/2010 07:13:00,MLM0950,PC-9787,Logon
{M1A9-V4VN38CO-6579TWAY},03/30/2010 12:36:08,MLM0950,PC-9787,Logon
{A1M4-T0SY83OY-2830CHVT},03/30/2010 16:26:00,MLM0950,PC-9787,Logoff
{R9C1-X1RS09YW-9904TGXC},03/31/2010 07:15:00,MLM0950,PC-9787,Logon
{X0Z4-E8OC79DW-6587CVRL},03/31/2010 13:07:30,MLM0950,PC-9787,Logon
{T7O8-R5KZ39GZ-5930HHMA},03/31/2010 16:24:00,MLM0950,PC-9787,Logoff
{M8A3-S7IZ58MP-5692CTWT},04/01/2010 07:20:00,MLM0950,PC-9787,Logon
{T2F0-L2TK45BR-4751XTSR},04/01/2010 10:30:06,MLM0950,PC-9787,Logon
{V5V5-C9YV96QR-1400FXWC},04/01/2010 16:08:00,MLM0950,PC-9787,Logoff
{R1W6-F2NP29LV-2993ZFQS},04/03/2010 07:26:00,MLM0950,PC-9787,Logon
{N3W6-G9KN32LV-2659FPPY},04/03/2010 12:50:18,MLM0950,PC-9787,Logon
{A9D0-F5XM56YD-6828QTYK},04/03/2010 16:19:00,MLM0950,PC-9787,Logoff
{N6P6-H7KQ23ZV-8269DQPQ},04/04/2010 07:06:00,MLM0950,PC-9787,Logon
{M8F5-G8NY50KN-6598KJXD},04/04/2010 12:01:22,MLM0950,PC-9787,Logon
{E4K8-C8WE79HG-6079OIGC},04/04/2010 16:24:44,MLM0950,PC-4124,Logon
{L5H5-V6IB17IQ-8633VVUL},04/04/2010 16:26:15,MLM0950,PC-4124,Logoff
{G7Q8-O8IV47SX-8807LXYJ},04/04/2010 16:29:00,MLM0950,PC-9787,Logoff
{Q4S3-M6JK63NR-7152ZBIP},04/05/2010 07:15:00,MLM0950,PC-9787,Logon
{D0G0-E0LU22ML-1086UGLQ},04/05/2010 10:56:47,MLM0950,PC-9787,Logon
{P2F9-K3LE45CE-1620BFGU},04/05/2010 16:28:00,MLM0950,PC-9787,Logoff
{C5L7-H0QM92FS-9483VXBG},04/06/2010 07:18:00,MLM0950,PC-9787,Logon
{R7V4-I0QN98NW-8079PTAT},04/06/2010 12:29:12,MLM0950,PC-9787,Logon
{E1Z8-C5LK38BT-5514ITMJ},04/06/2010 16:10:00,MLM0950,PC-9787,Logoff
{Q9D0-D6AJ60AN-7672EROH},04/07/2010 07:04:00,MLM0950,PC-9787,Logon
{S4P6-K5QH73FW-2566DMAO},04/07/2010 16:24:00,MLM0950,PC-9787,Logoff
{L1S2-T6XV87GK-4375XQAW},04/08/2010 07:25:00,MLM0950,PC-9787,Logon
{U9V1-Y3LS36AU-8417OKVV},04/08/2010 12:57:46,MLM0950,PC-9787,Logon
{B7R0-H8RD00QR-3884PWAG},04/08/2010 16:04:00,MLM0950,PC-9787,Logoff
{Z3C3-I3RH56EN-9217BALY},04/09/2010 07:03:00,MLM0950,PC-9787,Logon
{S4I1-P9EM59UK-5283BMDH},04/09/2010 11:56:05,MLM0950,PC-9787,Logon
{O7Q8-A0PO95HX-5300RDFJ},04/09/2010 16:05:00,MLM0950,PC-9787,Logoff
{G1L0-V3GI72GO-2066XIQI},04/10/2010 07:26:00,MLM0950,PC-9787,Logon
{H1L6-E8VY58HY-5530VCMG},04/10/2010 12:30:38,MLM0950,PC-9787,Logon
{H4Q2-K0WZ47FM-5951UDCU},04/10/2010 16:12:00,MLM0950,PC-9787,Logoff
{B9J7-F5GE22MA-8084VOIO},04/11/2010 07:22:00,MLM0950,PC-9787,Logon
{J0W6-N6GL45MT-7407TFYM},04/11/2010 10:17:41,MLM0950,PC-9787,Logon
{K7N8-D3AG90UF-5925ENKI},04/11/2010 16:10:00,MLM0950,PC-9787,Logoff
{I6C5-X6NC86ZO-7402FMMV},04/12/2010 07:26:00,MLM0950,PC-9787,Logon
{D3Q7-W4VW00MD-2232RFMQ},04/12/2010 16:23:00,MLM0950,PC-9787,Logoff
{V7R4-J7ZG88EU-0994CUVR},04/13/2010 07:26:00,MLM0950,PC-9787,Logon
{K5S9-J9DG63BR-4242WDAU},04/13/2010 12:54:46,MLM0950,PC-9787,Logon
{F2E8-A2LT34OO-3133ANFU},04/13/2010 16:05:00,MLM0950,PC-9787,Logoff
{J9O9-D6CH92ZX-0907DMAS},04/14/2010 07:13:00,MLM0950,PC-9787,Logon
{F3X8-I8QU38GP-8598OODL},04/14/2010 11:08:49,MLM0950,PC-9787,Logon
{D3H7-E1LT72HC-7126RKTU},04/14/2010 16:19:00,MLM0950,PC-9787,Logoff
{Q6L9-S3CP72EA-5347BSSC},04/15/2010 07:19:00,MLM0950,PC-9787,Logon
{H6J4-N1IY13CG-9122SRQH},04/15/2010 09:45:57,MLM0950,PC-9787,Logon
{R2O3-L5FV22RU-7341ENXM},04/15/2010 16:15:00,MLM0950,PC-9787,Logoff
{X7R7-G3WL65WJ-1307WJCB},04/16/2010 07:03:00,MLM0950,PC-9787,Logon
{E6C4-H4EH29KJ-2696VUEK},04/16/2010 16:22:00,MLM0950,PC-9787,Logoff
{Q2R1-I0TE01NX-0818VTBI},04/18/2010 07:12:00,MLM0950,PC-9787,Logon
{A2J2-Q5XZ38KI-3856TLWV},04/18/2010 16:18:00,MLM0950,PC-9787,Logoff
{C1F8-E2FJ15FL-2917CTLB},04/19/2010 07:21:00,MLM0950,PC-9787,Logon
{N1C5-W7TZ19TU-2738DXSH},04/19/2010 10:50:00,MLM0950,PC-9787,Logon
{E5L5-W4XW07JD-7741OXXI},04/19/2010 16:05:00,MLM0950,PC-9787,Logoff
{N7I6-A0JB36GG-7267JUWD},04/20/2010 07:07:00,MLM0950,PC-9787,Logon
{M6X4-G0HV32XX-8306EIAL},04/20/2010 14:33:26,MLM0950,PC-4124,Logon
{K1U6-V7HA15EX-9496TMWJ},04/20/2010 15:21:16,MLM0950,PC-4124,Logoff
{N0Q7-M9TO19EM-2423KPXY},04/20/2010 16:11:00,MLM0950,PC-9787,Logoff
{I3J4-H3LK79KA-5878OELH},04/21/2010 07:10:00,MLM0950,PC-9787,Logon
{O3L9-N6SL47CM-6578WBST},04/21/2010 12:29:49,MLM0950,PC-9787,Logon
{H2S9-Y3VF40XZ-2518MQVZ},04/21/2010 16:25:00,MLM0950,PC-9787,Logoff
{W7I1-X1NJ60UJ-4808LWEJ},04/22/2010 07:04:00,MLM0950,PC-9787,Logon
{A1V5-B4FN34ZL-9197GBPX},04/22/2010 09:21:43,MLM0950,PC-9787,Logon
{B6V9-T9NN96GW-0922LDZT},04/22/2010 10:23:36,MLM0950,PC-4124,Logon
{W9H8-H1KE95EP-9593MJDQ},04/22/2010 10:26:10,MLM0950,PC-4124,Logoff
{C2S9-W3SR71ZP-4009KKGA},04/22/2010 16:15:00,MLM0950,PC-9787,Logoff
{F5D9-G3KC67ZW-5820NLIF},04/23/2010 07:03:00,MLM0950,PC-9787,Logon
{C6T0-L7XG90XV-3672DUXZ},04/23/2010 08:48:22,MLM0950,PC-9787,Logon
{Q2Y3-N6BB79NK-5949WMGO},04/23/2010 16:21:00,MLM0950,PC-9787,Logoff
{M8L4-X3LK28IZ-3220FWMQ},04/25/2010 07:03:00,MLM0950,PC-9787,Logon
{U4E3-U8CL58BU-0604IQYL},04/25/2010 11:10:14,MLM0950,PC-9787,Logon
{I0D9-E0HF83TS-5819GEBO},04/25/2010 16:19:00,MLM0950,PC-9787,Logoff
{F0H3-S7PJ05LX-6581MCOL},04/26/2010 07:19:00,MLM0950,PC-9787,Logon
{W7J7-B2VT87JM-1374ABPO},04/26/2010 12:25:51,MLM0950,PC-9787,Logon
{U2Q8-O6HS52ER-8309PSVW},04/26/2010 16:11:00,MLM0950,PC-9787,Logoff
{N3M1-F9ZF05UK-1539FCAL},04/27/2010 07:23:00,MLM0950,PC-9787,Logon
{W7U3-Y9EN06EL-3787IRUR},04/27/2010 11:22:34,MLM0950,PC-9787,Logon
{X7A7-G7NM73EY-9727PXYF},04/27/2010 16:12:00,MLM0950,PC-9787,Logoff
{Z8O1-Y5JN70UA-0522ZAWG},04/28/2010 07:00:00,MLM0950,PC-9787,Logon
{G3F1-D1GY79EI-1973WFPH},04/28/2010 10:55:13,MLM0950,PC-4124,Logon
{Y3G0-N0XG77WX-5761FKNT},04/28/2010 10:56:40,MLM0950,PC-4124,Logoff
{N3D8-E4EX48BK-7536IMDL},04/28/2010 16:29:00,MLM0950,PC-9787,Logoff
{W1A9-X0CX07QS-2423LAWZ},04/29/2010 07:14:00,MLM0950,PC-9787,Logon
{Z5I6-P9KF12WO-6284UVPL},04/29/2010 11:50:16,MLM0950,PC-9787,Logon
{A3A2-O5LW02BM-7403CIAR},04/29/2010 16:26:00,MLM0950,PC-9787,Logoff
{V6D1-G9MM19JI-1349NQDO},04/30/2010 07:01:00,MLM0950,PC-9787,Logon
{V5X6-F8ZT06JL-1318CBUQ},04/30/2010 16:09:00,MLM0950,PC-9787,Logoff
{Q4D7-T2CP30BR-6948NGEE},05/02/2010 07:06:00,MLM0950,PC-9787,Logon
{X9L1-L1XM47OB-2595IOBE},05/02/2010 09:53:59,MLM0950,PC-4124,Logon
{S2G8-R8XR48WV-3077MURE},05/02/2010 10:17:18,MLM0950,PC-4124,Logoff
{X0W7-P0MX84DL-9001AISF},05/02/2010 10:38:46,MLM0950,PC-9787,Logon
{V8A1-Q6PY51FQ-8223SIMR},05/02/2010 16:23:00,MLM0950,PC-9787,Logoff
{O3R9-T7FC47RV-3193PAND},05/03/2010 07:08:00,MLM0950,PC-9787,Logon
{D9T9-N7RN16KR-3372VMIU},05/03/2010 11:42:34,MLM0950,PC-9787,Logon
{I1S9-K5CV26HB-4871HAHZ},05/03/2010 16:15:00,MLM0950,PC-9787,Logoff
{K4A8-P2QI39KD-0850WRBA},05/04/2010 07:14:00,MLM0950,PC-9787,Logon
{S4M7-J9GR17ZY-4842IQHX},05/04/2010 10:09:51,MLM0950,PC-9787,Logon
{N9R1-M7EY06OT-0453WMCI},05/04/2010 16:29:00,MLM0950,PC-9787,Logoff
{G2V0-X5XH54HL-0977OITE},05/05/2010 07:01:00,MLM0950,PC-9787,Logon
{L0J1-Q5ZX40WY-6788AGUX},05/05/2010 07:18:55,MLM0950,PC-4124,Logon
{E3E6-I4FJ77IV-5557ZCYS},05/05/2010 07:57:27,MLM0950,PC-4124,Logoff
{G0X9-T3FC53EW-0834LRSE},05/05/2010 16:17:00,MLM0950,PC-9787,Logoff
{F1M9-C2XH23UX-2766YVYV},05/06/2010 07:18:00,MLM0950,PC-9787,Logon
{V3M1-I5DR62LI-3231ZJTM},05/06/2010 12:55:58,MLM0950,PC-9787,Logon
{K3J5-R4ZY88FV-6508HMAO},05/06/2010 16:10:00,MLM0950,PC-9787,Logoff
{H8A7-G0KQ90MH-6864PKIB},05/07/2010 07:07:00,MLM0950,PC-9787,Logon
{M6Z8-S0DJ31UP-1922TJFN},05/07/2010 16:30:00,MLM0950,PC-9787,Logoff
{J9I1-G0NE95BY-9210BWAQ},05/09/2010 07:08:00,MLM0950,PC-9787,Logon
{U8V9-T9RJ09UK-2884OVID},05/09/2010 12:19:01,MLM0950,PC-9787,Logon
{I0R0-X2SC03ZJ-3459SLMA},05/09/2010 16:24:00,MLM0950,PC-9787,Logoff
{Y7G2-X4LW79XQ-5011INCW},05/10/2010 07:22:00,MLM0950,PC-9787,Logon
{I2B4-D7WA66RR-1206CANT},05/10/2010 12:50:14,MLM0950,PC-9787,Logon
{J6F4-M0FC77GY-1708LSKG},05/10/2010 16:13:00,MLM0950,PC-9787,Logoff
{G1T6-T0BI26KK-2479AFRS},05/11/2010 07:23:00,MLM0950,PC-9787,Logon
{M0B6-Y4HU50BI-5026VNXW},05/11/2010 15:31:41,MLM0950,PC-4124,Logon
{F6S5-B7FT15LQ-5264QKOM},05/11/2010 16:13:55,MLM0950,PC-4124,Logoff
{J8L4-C8SA58QU-1065GIXT},05/11/2010 16:28:00,MLM0950,PC-9787,Logoff
{B1I9-E0OE90XC-8556YNUF},05/12/2010 07:04:00,MLM0950,PC-9787,Logon
{D5R3-K5EE52WO-9704EMTV},05/12/2010 11:46:46,MLM0950,PC-9787,Logon
{H3I8-G3XG15JS-3038FNWM},05/12/2010 16:17:00,MLM0950,PC-9787,Logoff
{R3K8-D3IC73XY-2035SJIV},05/13/2010 07:25:00,MLM0950,PC-9787,Logon
{N7X1-E4GD28XK-4228GXVY},05/13/2010 12:31:23,MLM0950,PC-9787,Logon
{T2O6-A0VX90WI-0440BPGM},05/13/2010 16:06:00,MLM0950,PC-9787,Logoff
{A6P0-H5KH25GS-8667BYOD},05/14/2010 07:20:00,MLM0950,PC-9787,Logon
{Q1S8-U9PJ31AL-3150FUFQ},05/14/2010 12:54:24,MLM0950,PC-9787,Logon
{T7X6-I5JF40PR-4129TQYD},05/14/2010 16:15:00,MLM0950,PC-9787,Logoff
{I9E4-D2HO02AY-6576QYJL},05/15/2010 07:15:00,MLM0950,PC-9787,Logon
{G4I2-A9UC06CA-0718LDIN},05/15/2010 08:58:21,MLM0950,PC-9787,Logon
{V3N0-J0SV51TH-5693DEUU},05/15/2010 16:13:00,MLM0950,PC-9787,Logoff
{Y3T8-I4YF33FZ-6614UYNX},05/16/2010 07:14:00,MLM0950,PC-9787,Logon
{P0R3-Z1JK80RM-7135DEBO},05/16/2010 15:45:33,MLM0950,PC-4124,Logon
{T9I7-M0FO79QC-3613ZGOC},05/16/2010 16:19:07,MLM0950,PC-4124,Logoff
{P6U6-O5PI08WX-3676OSCK},05/16/2010 16:26:00,MLM0950,PC-9787,Logoff
{Z4U7-Q9MK79HH-3650OVWU},05/17/2010 07:05:00,MLM0950,PC-9787,Logon
{R4B3-F3GE08AP-2183AVLE},05/17/2010 11:50:11,MLM0950,PC-9787,Logon
{I7Y6-W1AT25FJ-5566TMKQ},05/17/2010 16:30:00,MLM0950,PC-9787,Logoff
{Q9Q4-C1DD98JJ-4444VYSV},05/18/2010 07:15:00,MLM0950,PC-9787,Logon
{W6Q7-P4SP61XW-3784TXDR},05/18/2010 08:29:20,MLM0950,PC-3847,Logon
{T9K8-L1ZM75MD-9081RQEB},05/18/2010 08:50:49,MLM0950,PC-3847,Logoff
{N9A7-V5CZ98EH-3813PRVA},05/18/2010 16:20:00,MLM0950,PC-9787,Logoff
{Q5K4-D3IN40GU-3129BEJD},05/19/2010 07:04:00,MLM0950,PC-9787,Logon
{Q0O9-I4XG94SO-8077NBHJ},05/19/2010 09:26:44,MLM0950,PC-9787,Logon
{A5X3-V7EE29SR-7366NQHH},05/19/2010 16:12:00,MLM0950,PC-9787,Logoff
{U2T3-P2CT28QJ-7830DHIS},05/20/2010 07:01:00,MLM0950,PC-9787,Logon
{C4F3-K7IX61LJ-9154ZGFE},05/20/2010 11:50:50,MLM0950,PC-9787,Logon
{E4X3-E2OL95IN-2109OGAL},05/20/2010 16:23:00,MLM0950,PC-9787,Logoff
{Y9B7-S7CA71PE-8422SFTB},05/21/2010 07:04:00,MLM0950,PC-9787,Logon
{P1R4-X5JE39LB-4360KPCF},05/21/2010 12:17:06,MLM0950,PC-9787,Logon
{R1Z8-C8XE73ND-5526BAHX},05/21/2010 12:47:48,MLM0950,PC-4124,Logon
{T1O1-N1WE18IW-1383LJWQ},05/21/2010 12:49:15,MLM0950,PC-4124,Logoff
{R5D4-K2QF85UI-1408HRKG},05/21/2010 16:24:00,MLM0950,PC-9787,Logoff
{S7M8-J4VX18NX-9074IAWM},05/23/2010 07:18:00,MLM0950,PC-9787,Logon
{Y0X2-I1FZ64XN-3164QLFC},05/23/2010 12:09:43,MLM0950,PC-9787,Logon
{A2P7-V0UK49QO-4228JLCA},05/23/2010 16:06:00,MLM0950,PC-9787,Logoff
{O1S8-N2GH90HB-1518JOPP},05/24/2010 07:15:00,MLM0950,PC-9787,Logon
{Y0K5-S8FT71MN-6512LAEB},05/24/2010 12:55:05,MLM0950,PC-9787,Logon
{N8F2-J2ZH09OG-1596WXBK},05/24/2010 16:12:00,MLM0950,PC-9787,Logoff
{V9Y1-O2ET86MY-7208CBJJ},05/25/2010 07:15:00,MLM0950,PC-9787,Logon
{S0M4-F7PE85JH-4259LIUO},05/25/2010 11:16:05,MLM0950,PC-9787,Logon
{Y4J4-J6WU01QF-4810OERU},05/25/2010 16:30:00,MLM0950,PC-9787,Logoff
{L6G6-U6MD98II-0609EGFT},05/26/2010 07:01:00,MLM0950,PC-9787,Logon
{X5E5-A9RZ19HB-8233RJTJ},05/26/2010 16:23:00,MLM0950,PC-9787,Logoff
{N7C0-R7US30FJ-7529LADH},05/27/2010 07:16:00,MLM0950,PC-9787,Logon
{V3V4-N9LT38JP-9666NWFN},05/27/2010 16:26:00,MLM0950,PC-9787,Logoff
{E3D2-O4PM68KZ-0997NILS},05/28/2010 07:15:00,MLM0950,PC-9787,Logon
{M6Z9-R8KM17OF-3918HQJN},05/28/2010 13:06:55,MLM0950,PC-9787,Logon
{A3M9-B9RG69HP-5511LCTL},05/28/2010 16:05:00,MLM0950,PC-9787,Logoff
{H7Y5-Q7GM85HS-3259ZQZX},05/29/2010 07:24:00,MLM0950,PC-9787,Logon
{K7B0-Z3HX89XX-1494YFDV},05/29/2010 12:34:43,MLM0950,PC-9787,Logon
{P2T6-E0JU52BC-2587JBOG},05/29/2010 16:25:00,MLM0950,PC-9787,Logoff
{D3M8-X6JP64NC-6297WKVF},06/01/2010 07:20:00,MLM0950,PC-9787,Logon
{Y0B0-D7KE16TC-3606BKES},06/01/2010 10:56:06,MLM0950,PC-9787,Logon
{U8E4-C4NL90FN-6139RGRU},06/01/2010 16:13:00,MLM0950,PC-9787,Logoff
{X9M2-G9LG85HQ-3117BIWM},06/02/2010 07:03:00,MLM0950,PC-9787,Logon
{P4M8-V4SW93GS-7211RMPS},06/02/2010 12:18:51,MLM0950,PC-9787,Logon
{A7I4-W9XA59XN-5856EQUL},06/02/2010 16:06:00,MLM0950,PC-9787,Logoff
{D9V0-N6OI46MI-2787RXBV},06/03/2010 07:26:00,MLM0950,PC-9787,Logon
{Y9A7-H9XL99ZF-8799UPEL},06/03/2010 12:15:15,MLM0950,PC-9787,Logon
{Z0N0-T7IP65WM-5183HZFU},06/03/2010 16:22:00,MLM0950,PC-9787,Logoff
{O2S2-V6AJ22VC-9684MXHH},06/04/2010 07:25:00,MLM0950,PC-9787,Logon
{R7J7-I6FB79CD-8434WOVO},06/04/2010 09:41:48,MLM0950,PC-9787,Logon
{O7Z0-F8GA12NL-5036AKKX},06/04/2010 16:10:00,MLM0950,PC-9787,Logoff
{Z6G7-H9BS25QZ-4495PUHH},06/05/2010 07:03:00,MLM0950,PC-9787,Logon
{B2J3-Z6YE94OC-5325IFKN},06/05/2010 08:12:59,MLM0950,PC-4124,Logon
{Q3G3-K4VI15QO-9780ZMOB},06/05/2010 08:31:55,MLM0950,PC-4124,Logoff
{U0K3-O6ZS91RH-1058TIKN},06/05/2010 10:27:44,MLM0950,PC-9787,Logon
{R8X5-G5RG92CE-4991LLLK},06/05/2010 16:11:00,MLM0950,PC-9787,Logoff
{V3E4-Z9CS07QX-0508IZRM},06/06/2010 05:45:37,MLM0950,PC-9787,Logon
{F5C1-Y5IP25LU-4766YEBI},06/06/2010 06:11:47,MLM0950,PC-9787,Logoff
{M7H7-U7DG62RB-3102XXDB},06/06/2010 07:24:00,MLM0950,PC-9787,Logon
{A8U9-O1EL11WD-3824LJZC},06/06/2010 13:16:18,MLM0950,PC-9787,Logon
{K9O7-G4FP77VF-8607XHRZ},06/06/2010 16:09:00,MLM0950,PC-9787,Logoff
{V7Z9-J9MK96NO-6291VMSL},06/07/2010 07:25:00,MLM0950,PC-9787,Logon
{O0U4-E3TY30SX-7790BEFT},06/07/2010 13:06:30,MLM0950,PC-9787,Logon
{O5K2-I6ZF74MY-2979MZKW},06/07/2010 16:08:00,MLM0950,PC-9787,Logoff
{L3A1-E2GP03BB-9021ZDTR},06/08/2010 07:12:00,MLM0950,PC-9787,Logon
{B6P1-T5YF98AY-3195DXWE},06/08/2010 10:27:42,MLM0950,PC-9787,Logon
{Y8A4-X8YI58GA-0333RNPT},06/08/2010 16:26:00,MLM0950,PC-9787,Logoff
{O4C3-Q2NF39US-7910BSFQ},06/09/2010 07:15:00,MLM0950,PC-9787,Logon
{U3K8-H5IO12PP-2212HODG},06/09/2010 10:47:24,MLM0950,PC-9787,Logon
{G9F4-B8WZ57XV-5742HPDQ},06/09/2010 16:15:00,MLM0950,PC-9787,Logoff
{T9O0-E0JS71NA-8462AIPE},06/10/2010 07:13:00,MLM0950,PC-9787,Logon
{O6M3-P9MG93LD-8833KUVS},06/10/2010 07:26:30,MLM0950,PC-4124,Logon
{K4J7-Z8YN19YD-0187RBSI},06/10/2010 07:27:51,MLM0950,PC-4124,Logoff
{Q7Z2-N9KA51CK-2291QMAX},06/10/2010 16:20:00,MLM0950,PC-9787,Logoff
{I9V3-D7CD16ZI-4604TSCZ},06/11/2010 07:25:00,MLM0950,PC-9787,Logon
{O0C8-W6XG52TH-1080DNHX},06/11/2010 11:46:38,MLM0950,PC-9787,Logon
{K8R6-R7DR47WS-9601VUEX},06/11/2010 16:23:00,MLM0950,PC-9787,Logoff
{O4T8-K8HZ09AM-8129MSUQ},06/14/2010 07:01:00,MLM0950,PC-9787,Logon
{L9T8-D9FV56RN-0193TFLE},06/14/2010 10:49:40,MLM0950,PC-9787,Logon
{U3X9-X7IM44ZX-6065DRKQ},06/14/2010 16:28:00,MLM0950,PC-9787,Logoff
{A4T2-N2WK62LV-0906ZZNC},06/15/2010 07:16:00,MLM0950,PC-9787,Logon
{C8S8-M2WW25LZ-6403SCID},06/15/2010 12:34:15,MLM0950,PC-9787,Logon
{N4E9-O9GP40TC-2277XHUQ},06/15/2010 16:05:00,MLM0950,PC-9787,Logoff
{P1C2-C0LN67FQ-9669GDPT},06/16/2010 07:24:00,MLM0950,PC-9787,Logon
{N3A1-I9LX89CA-8624KXBR},06/16/2010 11:14:12,MLM0950,PC-9787,Logon
{M0V0-D8GZ43IO-2641PLYM},06/16/2010 16:09:00,MLM0950,PC-9787,Logoff
{Q8E5-M8NM63QM-6330OJYN},06/17/2010 07:06:00,MLM0950,PC-9787,Logon
{E7W7-Y9QH13ZS-2435MPDQ},06/17/2010 16:20:00,MLM0950,PC-9787,Logoff
{O6K7-Q5VP76QA-5313KRXN},06/18/2010 07:15:00,MLM0950,PC-9787,Logon
{G7N5-V8ZN17IU-1170BXND},06/18/2010 13:07:55,MLM0950,PC-9787,Logon
{M7R0-L6SX48OG-6401DNDT},06/18/2010 16:15:00,MLM0950,PC-9787,Logoff
{H9C4-B7HD67AQ-2933CHMZ},06/19/2010 07:09:00,MLM0950,PC-9787,Logon
{V2D3-K7WO32UH-2771ABLE},06/19/2010 16:27:00,MLM0950,PC-9787,Logoff
{U3T7-R7CV26FQ-1272KODH},06/21/2010 07:16:00,MLM0950,PC-9787,Logon
{E3I8-P4BR52WU-0223BQTE},06/21/2010 13:12:50,MLM0950,PC-9787,Logon
{Q4M1-I0ZN24DM-5601CEBS},06/21/2010 16:29:00,MLM0950,PC-9787,Logoff
{Q5R5-U7QY31VM-7201PLVQ},06/22/2010 07:05:00,MLM0950,PC-9787,Logon
{B7E4-H6RI59VE-2597ADZX},06/22/2010 16:28:00,MLM0950,PC-9787,Logoff
{I5D9-R9YJ30WR-3469DGAJ},06/23/2010 07:17:00,MLM0950,PC-9787,Logon
{D7E0-Z8WZ90ZA-3484ZFCL},06/23/2010 13:14:33,MLM0950,PC-9787,Logon
{T2Y7-T6GW60JQ-6952ISEB},06/23/2010 16:06:00,MLM0950,PC-9787,Logoff
{G1C5-F5PA79BL-0964QYTK},06/24/2010 07:15:00,MLM0950,PC-9787,Logon
{W6D4-W6JR03YH-6595BNBP},06/24/2010 11:47:30,MLM0950,PC-9787,Logon
{W3J6-A7QM58JZ-9103ICSF},06/24/2010 16:04:00,MLM0950,PC-9787,Logoff
{E8B9-P8PY70EL-0286TFCO},06/25/2010 07:19:00,MLM0950,PC-9787,Logon
{Q5X4-A1DJ54MC-3287EZGO},06/25/2010 12:14:01,MLM0950,PC-9787,Logon
{T9H7-R2RV08WS-6681OSHE},06/25/2010 16:12:00,MLM0950,PC-9787,Logoff
{B1O9-W2FJ07RM-9869LIOM},06/27/2010 07:17:00,MLM0950,PC-9787,Logon
{I9U0-W1RP74NI-4613XNYH},06/27/2010 12:34:56,MLM0950,PC-9787,Logon
{B7Z4-K0UE33MI-3931RJXH},06/27/2010 16:08:00,MLM0950,PC-9787,Logoff
{Y9E8-M3LD08WI-7876HXDT},06/28/2010 07:23:00,MLM0950,PC-9787,Logon
{S5Z8-U7QN53DY-5480EXUH},06/28/2010 10:23:24,MLM0950,PC-9787,Logon
{W5D5-E5ML82TH-6254YBNU},06/28/2010 16:15:00,MLM0950,PC-9787,Logoff
{D8I3-V5MQ95TS-8137OCJW},06/29/2010 07:14:00,MLM0950,PC-9787,Logon
{F5P4-B8GS83XS-2009WHSK},06/29/2010 16:02:18,MLM0950,PC-4124,Logon
{L5N0-M5LJ05DV-9093WEXW},06/29/2010 16:22:34,MLM0950,PC-4124,Logoff
{T1V3-P5HZ05AK-7330LYCD},06/29/2010 16:27:00,MLM0950,PC-9787,Logoff
{H6A1-K0BF21XY-7649ROTO},06/30/2010 07:18:00,MLM0950,PC-9787,Logon
{S5C7-H7FT18LA-5902JSAM},06/30/2010 12:23:47,MLM0950,PC-9787,Logon
{D6L0-F0WI10ZZ-1378FJRH},06/30/2010 16:12:00,MLM0950,PC-9787,Logoff
{V1T9-D4VX59BV-8848RXRQ},07/01/2010 07:10:00,MLM0950,PC-9787,Logon
{Z1N0-X5TP85YU-5881OMAQ},07/01/2010 16:26:00,MLM0950,PC-9787,Logoff
{C3A0-T6EU06SH-6872HXWE},07/02/2010 07:24:00,MLM0950,PC-9787,Logon
{Q3S7-F2QE83XU-5666OAIB},07/02/2010 12:47:43,MLM0950,PC-9787,Logon
{B8M8-Z7QW37ZS-9280ICZF},07/02/2010 16:08:00,MLM0950,PC-9787,Logoff
{D4I6-A9KY88ZL-1235TRRN},07/03/2010 07:06:00,MLM0950,PC-9787,Logon
{W8Y0-M6QW53RZ-2798DRBL},07/03/2010 09:21:26,MLM0950,PC-4124,Logon
{A1K3-Q5TS76HP-9346ZATT},07/03/2010 09:56:58,MLM0950,PC-4124,Logoff
{M4X5-S8GZ03WK-5056ICBC},07/03/2010 16:26:00,MLM0950,PC-9787,Logoff
{Z5B4-C2PN52FB-5698YCIC},07/06/2010 07:15:00,MLM0950,PC-9787,Logon
{G6L1-X5MB78ZV-5088ABCV},07/06/2010 07:19:13,MLM0950,PC-3847,Logon
{F8F7-V5JG80CA-1215MJHC},07/06/2010 07:56:24,MLM0950,PC-3847,Logoff
{B9S4-Z8KY16TC-0973RXTR},07/06/2010 16:23:00,MLM0950,PC-9787,Logoff
{K1F8-F4XS19OW-3031FPKN},07/07/2010 07:22:00,MLM0950,PC-9787,Logon
{Y6F4-N3CC79MR-4392VOAL},07/07/2010 12:30:14,MLM0950,PC-9787,Logon
{P7Y1-X2DF64YB-9337WMCW},07/07/2010 16:10:00,MLM0950,PC-9787,Logoff
{O4H7-P7FA20NR-8118JHHG},07/08/2010 07:04:00,MLM0950,PC-9787,Logon
{O9B1-L7SX63YE-5791JQIK},07/08/2010 11:02:00,MLM0950,PC-9787,Logon
{W1H6-V3RM29VB-8754PSIQ},07/08/2010 16:16:00,MLM0950,PC-9787,Logoff
{I1S1-I5TP77OG-3120DFLF},07/09/2010 07:15:00,MLM0950,PC-9787,Logon
{P2T5-C6GP78GM-2608TNSZ},07/09/2010 11:56:56,MLM0950,PC-9787,Logon
{C6K6-I3WD71PW-8672BHSE},07/09/2010 16:06:00,MLM0950,PC-9787,Logoff
{B9D5-A3TF09PD-6240BEPQ},07/10/2010 07:18:00,MLM0950,PC-9787,Logon
{I1D7-Y0TY21QV-7699XPMR},07/10/2010 10:22:22,MLM0950,PC-9787,Logon
{D9Q2-Z8YH66IC-1384OUMC},07/10/2010 16:15:00,MLM0950,PC-9787,Logoff
{K9P7-X0XG46OG-9296EROO},07/12/2010 07:17:00,MLM0950,PC-9787,Logon
{K4A2-L5ON38SD-8204YFIJ},07/12/2010 12:12:48,MLM0950,PC-9787,Logon
{A5F5-V1MT44PB-0159EAAM},07/12/2010 16:14:00,MLM0950,PC-9787,Logoff
{N9W6-G1TN53KC-4605PZYG},07/13/2010 07:19:00,MLM0950,PC-9787,Logon
{D8N3-K4XF62YI-4315EPNQ},07/13/2010 11:20:11,MLM0950,PC-9787,Logon
{V9G5-N0XL70GE-4635EHPY},07/13/2010 16:15:00,MLM0950,PC-9787,Logoff
{W1J8-B6NA21NS-7592FICL},07/14/2010 07:17:00,MLM0950,PC-9787,Logon
{L7Y7-R7HZ41ZC-3786UPSB},07/14/2010 12:16:39,MLM0950,PC-9787,Logon
{Z9K1-A3MO25GG-4909WIZA},07/14/2010 16:07:00,MLM0950,PC-9787,Logoff
{R7V1-P0ZI69CY-8092VDQP},07/15/2010 07:22:00,MLM0950,PC-9787,Logon
{D0B1-P4TF87AS-1853PYIJ},07/15/2010 12:05:40,MLM0950,PC-9787,Logon
{B1T2-B2JN61HY-6542WNMC},07/15/2010 16:14:00,MLM0950,PC-9787,Logoff
{Y3P3-P6IE96JX-5347QBAW},07/16/2010 07:25:00,MLM0950,PC-9787,Logon
{W6S8-J9RR97UV-5283KDIM},07/16/2010 11:41:08,MLM0950,PC-9787,Logon
{P0R0-S0EG88ZF-5649IRZK},07/16/2010 16:15:00,MLM0950,PC-9787,Logoff
{A2L9-A2JI16PA-6380QLXT},07/17/2010 07:19:00,MLM0950,PC-9787,Logon
{Q6E6-K1OQ73BY-6305RUKJ},07/17/2010 12:14:47,MLM0950,PC-9787,Logon
{A0S9-Q0SS48EY-0241TFCI},07/17/2010 16:25:00,MLM0950,PC-9787,Logoff
{F6Q6-P4YO48HK-2599SBNO},07/19/2010 07:19:00,MLM0950,PC-9787,Logon
{G3V4-V5EG26BJ-3667KGXY},07/19/2010 11:31:03,MLM0950,PC-9787,Logon
{B0M7-M6PN87BB-0279KEML},07/19/2010 16:15:00,MLM0950,PC-9787,Logoff
{H1U4-D3AX19QD-1008AREY},07/20/2010 07:00:00,MLM0950,PC-9787,Logon
{W0E6-Q1EZ49YE-4294XLUG},07/20/2010 16:12:42,MLM0950,PC-4124,Logon
{X9P9-Y5ED00PP-6095UZSE},07/20/2010 16:26:44,MLM0950,PC-4124,Logoff
{B4C8-F3KQ33LB-5815BOWT},07/20/2010 16:29:00,MLM0950,PC-9787,Logoff
{I7V3-C2HW61FW-1832EPMJ},07/21/2010 07:19:00,MLM0950,PC-9787,Logon
{G7R9-N3WC54VH-3574FOWL},07/21/2010 10:58:26,MLM0950,PC-9787,Logon
{L4V2-Q4SZ16IX-8072ZBEV},07/21/2010 16:06:00,MLM0950,PC-9787,Logoff
{S2Y8-O6QV45ZT-8486QPMV},07/22/2010 07:07:00,MLM0950,PC-9787,Logon
{I5Z6-W8ZV09MJ-7694MLLI},07/22/2010 10:45:57,MLM0950,PC-9787,Logon
{M8R8-Q7CK75VU-7810IJXU},07/22/2010 16:15:00,MLM0950,PC-9787,Logoff
{N4P4-R8KO18YR-6473ELEY},07/23/2010 07:18:00,MLM0950,PC-9787,Logon
{G6D0-E9AD81OS-4280LHKL},07/23/2010 12:51:34,MLM0950,PC-9787,Logon
{Q9L1-G9MK16SO-6902OCIN},07/23/2010 16:13:00,MLM0950,PC-9787,Logoff
{U5A2-V5YK75OK-2402YSUG},07/24/2010 07:09:00,MLM0950,PC-9787,Logon
{P7J7-K4QZ65GC-5364SXCM},07/24/2010 10:49:00,MLM0950,PC-9787,Logon
{K5E9-M3AR85TC-4037GYCT},07/24/2010 12:54:20,MLM0950,PC-4124,Logon
{M9I8-W1EM13SZ-3746XZIQ},07/24/2010 13:29:21,MLM0950,PC-4124,Logoff
{I3K6-B0YJ91HU-3533FVYL},07/24/2010 16:20:00,MLM0950,PC-9787,Logoff
{E8U5-B6PC63PS-9588SYIP},07/25/2010 07:05:00,MLM0950,PC-9787,Logon
{K1G7-C6LM75CN-5304TSTN},07/25/2010 16:23:00,MLM0950,PC-9787,Logoff
{F8T6-X7VF16MP-2169AZMN},07/26/2010 07:26:00,MLM0950,PC-9787,Logon
{M3U7-H1AS07CG-2349DZRS},07/26/2010 09:50:09,MLM0950,PC-4124,Logon
{K7E6-W9UZ36CI-3210BMQL},07/26/2010 09:54:48,MLM0950,PC-4124,Logoff
{P1F4-H7TR81TZ-5752TPKP},07/26/2010 13:17:07,MLM0950,PC-9787,Logon
{B7V0-Y6OH81VK-9259XEXG},07/26/2010 16:15:00,MLM0950,PC-9787,Logoff
{C7O3-B0AJ52BW-6451GMYM},07/27/2010 07:26:00,MLM0950,PC-9787,Logon
{Y5U8-V6NM93QM-4912WNFD},07/27/2010 12:39:25,MLM0950,PC-9787,Logon
{B1C8-R6UK23XK-6167WTTI},07/27/2010 16:09:00,MLM0950,PC-9787,Logoff
{L3J0-W6YG08PN-4346JMWC},07/28/2010 07:26:00,MLM0950,PC-9787,Logon
{R0Y1-K6AO62PI-7976RXSF},07/28/2010 11:32:15,MLM0950,PC-9787,Logon
{I1B9-R8OV39JR-5628YATF},07/28/2010 16:22:00,MLM0950,PC-9787,Logoff
{N3J9-V7BS83KR-0613QWSE},07/29/2010 07:05:00,MLM0950,PC-9787,Logon
{O0W8-F0IN74MA-1547JFPI},07/29/2010 12:08:47,MLM0950,PC-9787,Logon
{Z7U5-G5VU10BN-0433XNSI},07/29/2010 16:23:00,MLM0950,PC-9787,Logoff
{Z5E3-P7NR78GU-2905RCRJ},07/30/2010 07:15:00,MLM0950,PC-9787,Logon
{M3Q8-Q4AH11BN-1109PWVR},07/30/2010 12:07:31,MLM0950,PC-9787,Logon
{B0V7-A8AG30UL-8469TJJV},07/30/2010 16:25:00,MLM0950,PC-9787,Logoff
{U1P9-C5AC72AJ-2838HBRV},08/01/2010 07:21:00,MLM0950,PC-9787,Logon
{M1F3-Y9ME62NH-7968CYWF},08/01/2010 16:10:00,MLM0950,PC-9787,Logoff
{U1K7-X5ID33WX-5868ESFH},08/02/2010 07:15:00,MLM0950,PC-9787,Logon
{H5Y7-R4VV20JG-0109OBCG},08/02/2010 13:14:44,MLM0950,PC-9787,Logon
{K4H1-D4CL45HO-2575LRBK},08/02/2010 16:07:00,MLM0950,PC-9787,Logoff
{A8W6-Q5ZL61MI-1746ZQDW},08/03/2010 07:21:00,MLM0950,PC-9787,Logon
{E0G9-H5VU30KD-2033HQRR},08/03/2010 10:19:34,MLM0950,PC-9787,Logon
{O9C0-W5CU63WT-0185NHAL},08/03/2010 16:05:00,MLM0950,PC-9787,Logoff
{A2H7-O2IL17ZB-1845RJAV},08/04/2010 07:14:00,MLM0950,PC-9787,Logon
{C6U4-R7WB47TU-9552RMLE},08/04/2010 11:37:20,MLM0950,PC-9787,Logon
{C2E5-X3HN16CT-2426XPXX},08/04/2010 14:47:37,MLM0950,PC-3847,Logon
{V0Z0-B3JG50UF-1307OJDV},08/04/2010 14:48:41,MLM0950,PC-3847,Logoff
{S4G3-G3PF05IT-2362SLMA},08/04/2010 16:16:00,MLM0950,PC-9787,Logoff
{E1Q9-Y3OJ78QF-9716KDRW},08/05/2010 07:01:00,MLM0950,PC-9787,Logon
{Z7L7-A1FO18AS-0856ANDZ},08/05/2010 07:53:41,MLM0950,PC-4124,Logon
{J6A5-D8OK59KI-3015KAGT},08/05/2010 08:11:19,MLM0950,PC-4124,Logoff
{J1H3-U1YC08HH-1108KYMB},08/05/2010 09:42:42,MLM0950,PC-9787,Logon
{F4Q0-Y4GG81NM-9968YUZT},08/05/2010 16:18:00,MLM0950,PC-9787,Logoff
{T5V6-A7EY19SN-4655RTUO},08/06/2010 07:08:00,MLM0950,PC-9787,Logon
{S2C2-I0LC79AH-6385KKWF},08/06/2010 16:25:00,MLM0950,PC-9787,Logoff
{H1A4-M9NB89HQ-2275UESA},08/07/2010 07:26:00,MLM0950,PC-9787,Logon
{C5M8-L1IR10NA-4814ENVU},08/07/2010 13:07:16,MLM0950,PC-9787,Logon
{F2S9-Q6EN33XU-1426FWCJ},08/07/2010 16:15:00,MLM0950,PC-9787,Logoff
{J4B0-K8TY14HL-8693SUGZ},08/09/2010 07:07:00,MLM0950,PC-9787,Logon
{J6H7-V4MN93ZY-0354WLPZ},08/09/2010 16:19:00,MLM0950,PC-9787,Logoff
{J2M5-A8DX62UF-6178SYPA},08/10/2010 07:23:00,MLM0950,PC-9787,Logon
{I9Q2-E5AE05OS-0092YLIH},08/10/2010 13:08:53,MLM0950,PC-9787,Logon
{F1I3-F0AH17QG-0153WJHL},08/10/2010 16:10:00,MLM0950,PC-9787,Logoff
{O5J2-F2LO10JN-5721CTHZ},08/11/2010 07:02:00,MLM0950,PC-9787,Logon
{C7Z4-Y6TP65JR-2366QERY},08/11/2010 11:45:46,MLM0950,PC-9787,Logon
{B1Q5-Q4CQ12BP-1878RKRQ},08/11/2010 16:18:00,MLM0950,PC-9787,Logoff
{D4D5-K0LU65XE-4380AYDN},08/12/2010 07:20:00,MLM0950,PC-9787,Logon
{R6M8-D8QG20SX-3839KCJT},08/12/2010 11:35:21,MLM0950,PC-9787,Logon
{X4X6-E6SE34OD-7424JTAJ},08/12/2010 16:11:00,MLM0950,PC-9787,Logoff
{X3F7-D7KA03TH-3381JIYF},08/13/2010 07:09:00,MLM0950,PC-9787,Logon
{U6L2-C2GR72UU-9343XMFL},08/13/2010 10:28:24,MLM0950,PC-9787,Logon
{W9M9-M9RB03PF-8885BZIH},08/13/2010 16:17:00,MLM0950,PC-9787,Logoff
{E3J3-H0AB05EV-7930MZZY},08/16/2010 07:22:00,MLM0950,PC-9787,Logon
{H2G9-R7TL48IS-8989OTAE},08/16/2010 13:13:00,MLM0950,PC-9787,Logon
{I1T1-R3DR92NN-5620DTZL},08/16/2010 16:10:00,MLM0950,PC-9787,Logoff
{C1N2-Z4XS63CY-8859NFJG},08/17/2010 07:16:00,MLM0950,PC-9787,Logon
{D0I6-C6IH27RN-9038UREP},08/17/2010 08:57:50,MLM0950,PC-9787,Logon
{Z0O2-N6IL61NL-5771XPCJ},08/17/2010 16:07:00,MLM0950,PC-9787,Logoff
{D0T4-J4VX79AY-1785UGIM},08/18/2010 07:20:00,MLM0950,PC-9787,Logon
{L9E4-O7TT26JK-1641RJBC},08/18/2010 13:05:43,MLM0950,PC-9787,Logon
{M4Z8-W1SJ92WZ-3103WUCK},08/18/2010 16:06:00,MLM0950,PC-9787,Logoff
{I4F3-Y3ON53EP-8228YZFM},08/19/2010 07:22:00,MLM0950,PC-9787,Logon
{D9V5-E7TV12RQ-4753DGYQ},08/19/2010 16:08:00,MLM0950,PC-9787,Logoff
{F7S2-S4WE54EY-9807EVQD},08/20/2010 07:14:00,MLM0950,PC-9787,Logon
{T3A0-F1KI89GC-3846NWRJ},08/20/2010 12:21:30,MLM0950,PC-9787,Logon
{D8W8-S6BU11UR-0017PVAZ},08/20/2010 16:25:00,MLM0950,PC-9787,Logoff
{P9Y3-E3ZB96ML-6143YQFW},08/22/2010 07:15:00,MLM0950,PC-9787,Logon
{K9L1-H3FA09FJ-4098JWCU},08/22/2010 09:54:33,MLM0950,PC-9787,Logon
{I6L6-B3PQ24TO-2394MMXQ},08/22/2010 16:18:00,MLM0950,PC-9787,Logoff
{O1N6-U2EJ40XC-0262RXWK},08/23/2010 07:12:00,MLM0950,PC-9787,Logon
{E7Y5-E7RG36RY-4893TIBV},08/23/2010 07:13:44,MLM0950,PC-4124,Logon
{F0E5-A4WE31OS-0142APCE},08/23/2010 07:15:35,MLM0950,PC-4124,Logoff
{K9I3-H3GD87XI-1160ZHLJ},08/23/2010 11:16:11,MLM0950,PC-9787,Logon
{L1F9-K6MP34UP-9340UHSM},08/23/2010 16:28:00,MLM0950,PC-9787,Logoff
{E7T3-Z8GV11BJ-2487IAFK},08/24/2010 07:06:00,MLM0950,PC-9787,Logon
{Q5C4-G8VR91PG-4846CAII},08/24/2010 10:32:44,MLM0950,PC-4124,Logon
{F0N9-B0AI52BK-0318AIVB},08/24/2010 10:44:22,MLM0950,PC-4124,Logoff
{X2W5-O2TQ62CA-6307FYYV},08/24/2010 16:24:00,MLM0950,PC-9787,Logoff
{T8K8-E6ZT03OO-1241SBES},08/25/2010 07:00:00,MLM0950,PC-9787,Logon
{H0G3-F7VZ55GC-0185AZGW},08/25/2010 09:03:10,MLM0950,PC-9787,Logon
{J0L7-H8BC01XT-0195RZQJ},08/25/2010 16:09:00,MLM0950,PC-9787,Logoff
{F5V3-A5TR95NS-3352JQAG},08/26/2010 07:21:00,MLM0950,PC-9787,Logon
{N4O8-V5SR66PR-8563ISDM},08/26/2010 13:02:24,MLM0950,PC-4124,Logon
{O3A7-T1MM14GE-1827RXMQ},08/26/2010 13:15:10,MLM0950,PC-4124,Logoff
{B9P0-Y1SI71YP-7999CUWM},08/26/2010 16:24:00,MLM0950,PC-9787,Logoff
{W0V5-R7BY23CY-6417XNCP},08/27/2010 07:18:00,MLM0950,PC-9787,Logon
{P5W4-R0WY01PQ-9903MTAF},08/27/2010 12:50:21,MLM0950,PC-9787,Logon
{A5Z5-U7KA56QE-0691BXOD},08/27/2010 16:09:00,MLM0950,PC-9787,Logoff
{Y6T9-V9CM85CR-9017ZCNE},08/28/2010 07:17:00,MLM0950,PC-9787,Logon
{S3M4-G6MM29TS-7852CQAV},08/28/2010 10:02:23,MLM0950,PC-9787,Logon
{T5N2-R1DJ68PL-6546CZNH},08/28/2010 16:11:00,MLM0950,PC-9787,Logoff
{B0Z8-W7LG56WC-1869FYDD},08/30/2010 07:01:00,MLM0950,PC-9787,Logon
{S3X9-V6PW24SA-2866UVTQ},08/30/2010 11:48:35,MLM0950,PC-9787,Logon
{F6H6-L4DV72BD-0100OPDI},08/30/2010 16:17:00,MLM0950,PC-9787,Logoff
{R2R7-E5ZR47HT-6221DBVT},08/31/2010 07:04:00,MLM0950,PC-9787,Logon
{T5S7-O4OX38HJ-5543VSVP},08/31/2010 10:47:19,MLM0950,PC-9787,Logon
{Y5Q6-T9CI27NL-1023LKUN},08/31/2010 14:44:04,MLM0950,PC-4124,Logon
{L5D5-D8KD21JX-8020UPCF},08/31/2010 14:51:10,MLM0950,PC-4124,Logoff
{P0K6-Y6EO41GY-0975XPNN},08/31/2010 16:26:00,MLM0950,PC-9787,Logoff
{L3P0-B2HF28HL-7667ZTBZ},09/01/2010 07:09:00,MLM0950,PC-9787,Logon
{N6V0-E8EK91UI-2489FMEN},09/01/2010 12:45:39,MLM0950,PC-9787,Logon
{U7H9-N7XI06XU-4860BTPA},09/01/2010 15:32:52,MLM0950,PC-4124,Logon
{N2L4-R9QE20NB-6515SKHY},09/01/2010 15:49:48,MLM0950,PC-4124,Logoff
{U1Y8-F4KY32IR-8302LWLF},09/01/2010 16:29:00,MLM0950,PC-9787,Logoff
{Z4B6-D8KG61XW-0957ZPII},09/02/2010 07:25:00,MLM0950,PC-9787,Logon
{E0U5-P2QA11CT-6171AAHR},09/02/2010 12:07:53,MLM0950,PC-9787,Logon
{U3Y9-B2ET13UI-1878IVWG},09/02/2010 16:08:00,MLM0950,PC-9787,Logoff
{D7B3-R3LF78OQ-2199FWXO},09/03/2010 07:15:00,MLM0950,PC-9787,Logon
{F5Z3-G6ZY88EU-0891GOLQ},09/03/2010 12:41:38,MLM0950,PC-9787,Logon
{O9Q2-K8JH53HU-8313EOVN},09/03/2010 16:13:00,MLM0950,PC-9787,Logoff
{U4B3-P4NO90DP-2933GIBK},09/07/2010 07:11:00,MLM0950,PC-9787,Logon
{K1N3-C9HA87CG-9923DMRB},09/07/2010 09:28:40,MLM0950,PC-9787,Logon
{Z9E5-K8PB36UI-1555MEPG},09/07/2010 16:23:00,MLM0950,PC-9787,Logoff
{C1Z1-S8JP02JA-4316KFAR},09/08/2010 07:16:00,MLM0950,PC-9787,Logon
{F5A2-T1BB14KR-5930WICA},09/08/2010 09:41:53,MLM0950,PC-4124,Logon
{K1P2-Z6GQ37CF-9417DEQD},09/08/2010 09:52:20,MLM0950,PC-4124,Logoff
{M9M8-P8FS23II-8122HQXI},09/08/2010 16:05:00,MLM0950,PC-9787,Logoff
{L5D3-C2RD55JZ-2041PRZA},09/09/2010 07:23:00,MLM0950,PC-9787,Logon
{N1M7-G0OB82BX-2623EZGX},09/09/2010 12:25:11,MLM0950,PC-9787,Logon
{F4C0-W6WC74FY-4190NCYL},09/09/2010 16:15:00,MLM0950,PC-9787,Logoff
{E9S1-A7WS31LB-5901OMQU},09/10/2010 07:21:00,MLM0950,PC-9787,Logon
{P8L4-F1PU91CS-9242YTIR},09/10/2010 09:47:25,MLM0950,PC-9787,Logon
{D0O1-Q8NG51WH-5010TAST},09/10/2010 16:21:00,MLM0950,PC-9787,Logoff
{W9N4-J4WJ17MH-1404PIJS},09/11/2010 07:23:00,MLM0950,PC-9787,Logon
{K0O7-M3RJ41OI-3474IKSW},09/11/2010 11:27:57,MLM0950,PC-9787,Logon
{X5P4-R6RG30BE-1279SVEN},09/11/2010 14:43:29,MLM0950,PC-4124,Logon
{P7B2-F5KU66BO-0539WXRP},09/11/2010 15:00:26,MLM0950,PC-4124,Logoff
{E6N6-T2GU32WG-9294FTQP},09/11/2010 16:19:00,MLM0950,PC-9787,Logoff
{S9S9-O7TN25HN-4687YFJV},09/13/2010 07:21:00,MLM0950,PC-9787,Logon
{O3I8-H4TW18UZ-5162VUXU},09/13/2010 11:42:49,MLM0950,PC-9787,Logon
{N3U0-R8MJ97LL-7613DDTI},09/13/2010 16:15:00,MLM0950,PC-9787,Logoff
{S4A1-A1FI35PD-2989RBTF},09/14/2010 07:25:00,MLM0950,PC-9787,Logon
{T8O7-H0CZ28PA-8812YIRS},09/14/2010 15:08:42,MLM0950,PC-3847,Logon
{W7D0-Q5NN78IN-4251SIBZ},09/14/2010 15:43:54,MLM0950,PC-3847,Logoff
{O0V3-J3KN06TE-2024KAXE},09/14/2010 16:24:00,MLM0950,PC-9787,Logoff
{D7I3-L5VD49BY-9094MTRR},09/15/2010 07:03:00,MLM0950,PC-9787,Logon
{B5S7-F1BA12AB-5320GDXJ},09/15/2010 12:50:29,MLM0950,PC-9787,Logon
{J5G6-R1DW96PG-2100RTPB},09/15/2010 16:18:00,MLM0950,PC-9787,Logoff
{B4R3-Y7MC25PK-2774PSHJ},09/16/2010 07:08:00,MLM0950,PC-9787,Logon
{X9O2-W2DN72HR-2247GWSD},09/16/2010 13:07:44,MLM0950,PC-4124,Logon
{V3M0-T3EL80HN-0774OZZT},09/16/2010 13:30:10,MLM0950,PC-4124,Logoff
{M5E9-W4IV31KB-5600ZEIK},09/16/2010 16:07:00,MLM0950,PC-9787,Logoff
{K8T6-X7JM56VZ-5161AYWP},09/17/2010 07:15:00,MLM0950,PC-9787,Logon
{C6I9-V2YB62QT-3859UTVM},09/17/2010 12:21:53,MLM0950,PC-9787,Logon
{S3I8-N7TU38EA-0979WVHD},09/17/2010 16:05:00,MLM0950,PC-9787,Logoff
{U6A0-L1JZ68IF-4059CKWC},09/19/2010 07:08:00,MLM0950,PC-9787,Logon
{S5R7-J0DL72MR-4012PCEP},09/19/2010 12:02:25,MLM0950,PC-9787,Logon
{I2L8-H5ZJ40SJ-0687ZRHI},09/19/2010 16:15:00,MLM0950,PC-9787,Logoff
{M9L9-Q6WE61YX-8285WKEH},09/20/2010 07:08:00,MLM0950,PC-9787,Logon
{P0M3-A8YN75IV-4001NLXC},09/20/2010 16:14:00,MLM0950,PC-9787,Logoff
{O6T9-M9ZQ00PB-9252CROQ},09/21/2010 07:08:00,MLM0950,PC-9787,Logon
{J7N7-D1XM58PC-9562UCNL},09/21/2010 12:03:13,MLM0950,PC-9787,Logon
{R0Z2-R1XN40PS-7145YDWG},09/21/2010 16:24:00,MLM0950,PC-9787,Logoff
{J4R3-L4QO08RC-5267MRDC},09/22/2010 07:20:00,MLM0950,PC-9787,Logon
{C9X8-Y5JO59EP-0101CXHZ},09/22/2010 12:07:29,MLM0950,PC-9787,Logon
{T8T6-F4ZP84VM-8895JNMZ},09/22/2010 16:14:00,MLM0950,PC-9787,Logoff
{X4M2-Q4UQ95MR-1303VLPH},09/23/2010 07:15:00,MLM0950,PC-9787,Logon
{G7F7-H2QI66FW-5479KKNV},09/23/2010 12:14:49,MLM0950,PC-9787,Logon
{D2W0-F9PI29BJ-7953EXSW},09/23/2010 16:16:00,MLM0950,PC-9787,Logoff
{C5T0-U2WB62TV-0337MNAX},09/24/2010 07:02:00,MLM0950,PC-9787,Logon
{L1Y3-R5KN93MP-1915LFOM},09/24/2010 07:40:59,MLM0950,PC-4124,Logon
{Y8W6-T7WJ62BP-5067GQNF},09/24/2010 08:09:52,MLM0950,PC-4124,Logoff
{Y1R1-Q2RE57IK-4349KFQW},09/24/2010 16:20:00,MLM0950,PC-9787,Logoff
{P8C6-I5OO49UF-7972REXB},09/27/2010 07:12:00,MLM0950,PC-9787,Logon
{R1Y5-W2VN45KG-7565APMA},09/27/2010 10:18:27,MLM0950,PC-9787,Logon
{X1R4-Z7YG15PN-9413ITQM},09/27/2010 16:17:00,MLM0950,PC-9787,Logoff
{A1J4-T0NP06MV-4424UJXW},09/28/2010 07:08:00,MLM0950,PC-9787,Logon
{V4V2-F3MD11AJ-0469XZBC},09/28/2010 16:11:00,MLM0950,PC-9787,Logoff
{E4Z1-X5JR42FK-9408HBKJ},09/29/2010 07:21:00,MLM0950,PC-9787,Logon
{R5G9-P4GT23XS-4595UNVX},09/29/2010 13:13:46,MLM0950,PC-9787,Logon
{T9A1-M7DX61RF-4207OEMP},09/29/2010 16:14:00,MLM0950,PC-9787,Logoff
{H1T9-J4GM45ZK-9521CHTD},09/30/2010 07:21:00,MLM0950,PC-9787,Logon
{X8N4-Y0GD60XQ-6039BSEZ},09/30/2010 12:49:25,MLM0950,PC-9787,Logon
{X7T1-L0LV47QH-3442OJXH},09/30/2010 16:10:00,MLM0950,PC-9787,Logoff
{K9Z8-E4QH75QW-9568ERYB},10/01/2010 07:17:00,MLM0950,PC-9787,Logon
{O3P2-W5RB29OX-0321KAWX},10/01/2010 12:39:13,MLM0950,PC-9787,Logon
{D1I1-X6BN61AS-3772RQDE},10/01/2010 16:07:00,MLM0950,PC-9787,Logoff
{O7K1-L7PH11ND-0384BYQV},10/02/2010 07:04:00,MLM0950,PC-9787,Logon
{S1U9-R6PG61UM-5327CABI},10/02/2010 11:18:12,MLM0950,PC-9787,Logon
{T5N7-J6AE85CD-0919ACJN},10/02/2010 16:22:00,MLM0950,PC-9787,Logoff
{W6U5-M2ML54AI-8614JKJC},10/03/2010 07:09:00,MLM0950,PC-9787,Logon
{C9R9-C2JG42OL-0596TSQS},10/03/2010 16:21:00,MLM0950,PC-9787,Logoff
{G7Y7-I9RG52JN-4962JTSI},10/04/2010 07:22:00,MLM0950,PC-9787,Logon
{X7A8-I1ME74GG-8996ZHMG},10/04/2010 13:08:39,MLM0950,PC-9787,Logon
{Y9I8-H5EP28JG-6825TEOA},10/04/2010 16:04:00,MLM0950,PC-9787,Logoff
{N3S6-W4SE41BQ-1809BJBU},10/05/2010 07:12:00,MLM0950,PC-9787,Logon
{A7A5-D5MO31PO-8679DNNA},10/05/2010 11:06:14,MLM0950,PC-9787,Logon
{N5L6-V7MJ01IW-5127YSHS},10/05/2010 16:27:00,MLM0950,PC-9787,Logoff
{W0Q9-R0GH43UE-9829BYVJ},10/06/2010 07:08:00,MLM0950,PC-9787,Logon
{E7M9-T8EA34KQ-6449NCXF},10/06/2010 14:42:15,MLM0950,PC-4124,Logon
{G1K2-G8GN79MN-3062SHWY},10/06/2010 14:50:57,MLM0950,PC-4124,Logoff
{F1A9-L0WZ49VG-1306EGMK},10/06/2010 16:11:00,MLM0950,PC-9787,Logoff
{W0Z0-Z7MH45IN-2389TOXV},10/07/2010 07:21:00,MLM0950,PC-9787,Logon
{F9J0-E5JO16FJ-9175FBYV},10/07/2010 13:12:18,MLM0950,PC-9787,Logon
{U6H2-E1MN47QB-9208HASB},10/07/2010 16:10:00,MLM0950,PC-9787,Logoff
{J2T1-D3ZJ12NL-9848QMMT},10/08/2010 07:05:00,MLM0950,PC-9787,Logon
{N4K6-J7SQ15XZ-3927FJXY},10/08/2010 16:20:00,MLM0950,PC-9787,Logoff
{Z5Q8-I2LO61AR-0605OQXR},10/11/2010 07:03:00,MLM0950,PC-9787,Logon
{I1U9-L7PN35EZ-8531UQIC},10/11/2010 09:25:40,MLM0950,PC-4124,Logon
{Y6I7-X6YH65RC-1471SOYA},10/11/2010 09:27:11,MLM0950,PC-4124,Logoff
{A9S7-J9JI01DL-4022EGQC},10/11/2010 12:11:52,MLM0950,PC-9787,Logon
{N8Z8-R8KC01JR-3194WHTZ},10/11/2010 16:19:00,MLM0950,PC-9787,Logoff
{P4R9-R6IJ89QY-0841XUIN},10/12/2010 07:21:00,MLM0950,PC-9787,Logon
{B6K2-Y3FT01ZK-0385BVHV},10/12/2010 12:59:23,MLM0950,PC-9787,Logon
{U5H8-A1GX45HP-7317QUBB},10/12/2010 16:12:00,MLM0950,PC-9787,Logoff
{Q0Q4-Z2CY80EG-2948VZUQ},10/13/2010 07:26:00,MLM0950,PC-9787,Logon
{T2F3-I2FX00SZ-9965WXRY},10/13/2010 11:40:58,MLM0950,PC-9787,Logon
{S6F0-P7YJ50XU-1362NVBO},10/13/2010 16:04:00,MLM0950,PC-9787,Logoff
{O0H1-H5IJ84YA-5727XJQU},10/14/2010 07:16:00,MLM0950,PC-9787,Logon
{L5T8-Y6LB96BQ-5202IHOE},10/14/2010 11:41:02,MLM0950,PC-9787,Logon
{M4T2-G7MU81QG-4066CGSF},10/14/2010 16:13:00,MLM0950,PC-9787,Logoff
{Q7H5-Z7HN71NQ-0866WGMO},10/15/2010 07:09:00,MLM0950,PC-9787,Logon
{I7O9-Z9OK29EA-2064PFUL},10/15/2010 16:27:00,MLM0950,PC-9787,Logoff
{E5J6-U4LJ77GX-5659LMOV},10/16/2010 07:03:00,MLM0950,PC-9787,Logon
{C6Y7-H9KC67AT-2108TPXK},10/16/2010 16:24:00,MLM0950,PC-9787,Logoff
{Q1I5-T3IG30HI-0874ASBJ},10/18/2010 07:05:00,MLM0950,PC-9787,Logon
{H2L4-W6KW48EP-6106ALAA},10/18/2010 10:32:13,MLM0950,PC-9787,Logon
{J0J9-E5AQ09NU-9666KGKH},10/18/2010 16:06:00,MLM0950,PC-9787,Logoff
{G3I2-M6JF23YU-7746QNLW},10/19/2010 07:26:00,MLM0950,PC-9787,Logon
{M8F0-S7FZ44FC-4850CROF},10/19/2010 12:56:31,MLM0950,PC-9787,Logon
{P8G5-V8MA38GE-7315MHXM},10/19/2010 16:10:00,MLM0950,PC-9787,Logoff
{D8H7-V2GV04VR-7359IIUA},10/20/2010 07:01:00,MLM0950,PC-9787,Logon
{J0W0-Y7GN32WE-2735KERU},10/20/2010 07:02:11,MLM0950,PC-4124,Logon
{P1Q6-P6FE67TG-5509HXLV},10/20/2010 07:03:55,MLM0950,PC-4124,Logoff
{T1O7-M9VL28DH-6244MBBF},10/20/2010 16:15:00,MLM0950,PC-9787,Logoff
{S8M5-A1XE05SN-0608IRRK},10/21/2010 07:15:00,MLM0950,PC-9787,Logon
{E0R8-F3QW78FU-2341VGXI},10/21/2010 13:13:27,MLM0950,PC-9787,Logon
{P4M1-P1FJ31FY-3528GTRY},10/21/2010 16:04:00,MLM0950,PC-9787,Logoff
{V4D0-M5SI42VQ-7945ORZJ},10/22/2010 07:17:00,MLM0950,PC-9787,Logon
{E7Z3-P8WM30TD-8280JWRH},10/22/2010 09:59:56,MLM0950,PC-9787,Logon
{J4D4-K2LV70RV-4106POEU},10/22/2010 16:09:00,MLM0950,PC-9787,Logoff
{R1F0-I4SF65FZ-2445VUTQ},10/23/2010 07:08:00,MLM0950,PC-9787,Logon
{G8W4-T0VU08OU-5944NWZQ},10/23/2010 10:55:04,MLM0950,PC-9787,Logon
{N5P5-B2OW82MK-7821ZAAN},10/23/2010 15:33:23,MLM0950,PC-4124,Logon
{I4F7-W8YZ32CI-8872VRZT},10/23/2010 15:50:09,MLM0950,PC-4124,Logoff
{R6J8-W6LC38QU-1149PKDL},10/23/2010 16:04:00,MLM0950,PC-9787,Logoff
{Z1H0-H9QW68ZG-2802BEKQ},10/24/2010 07:19:00,MLM0950,PC-9787,Logon
{B2B0-O7VP69IV-1574UEXG},10/24/2010 11:32:10,MLM0950,PC-9787,Logon
{S5A2-P0VB48HM-0687LGGO},10/24/2010 16:13:00,MLM0950,PC-9787,Logoff
{X2Z9-Q6ZW95CS-7677PYZL},10/25/2010 07:23:00,MLM0950,PC-9787,Logon
{M9Z2-Q1YX11BI-5280QGMQ},10/25/2010 12:00:17,MLM0950,PC-9787,Logon
{E8E3-X8WE82LZ-0691GCHE},10/25/2010 16:13:00,MLM0950,PC-9787,Logoff
{K9E6-P2LH49AW-9543DXRC},10/26/2010 07:15:00,MLM0950,PC-9787,Logon
{O8S3-C4QA34KM-8177TZCW},10/26/2010 13:14:41,MLM0950,PC-9787,Logon
{A6C3-L0AS17WF-5805ERPL},10/26/2010 16:08:00,MLM0950,PC-9787,Logoff
{P2U0-W5FZ46WC-6287RWRR},10/27/2010 07:11:00,MLM0950,PC-9787,Logon
{K9W6-I9JK46AJ-7643TWJR},10/27/2010 07:12:02,MLM0950,PC-4124,Logon
{G1I8-O4NI13WO-5747REYK},10/27/2010 07:15:05,MLM0950,PC-4124,Logoff
{T5A0-W0CQ90MH-7251WRIR},10/27/2010 16:21:00,MLM0950,PC-9787,Logoff
{T9W8-F0SW44QW-3308RJQM},10/28/2010 07:15:00,MLM0950,PC-9787,Logon
{N8G7-C8MV07ZU-7447RPNV},10/28/2010 11:04:40,MLM0950,PC-9787,Logon
{X4O6-M3PV96AG-3147GLCU},10/28/2010 16:15:00,MLM0950,PC-9787,Logoff
{Z0M7-V7HP71EB-7161NPPL},10/29/2010 07:23:00,MLM0950,PC-9787,Logon
{D1H2-G8IW47HE-5483NAEJ},10/29/2010 11:28:42,MLM0950,PC-9787,Logon
{U4U4-V0QK40HZ-2209UDTM},10/29/2010 16:10:00,MLM0950,PC-9787,Logoff
{H1S2-O8YT11LP-8468FNVG},10/30/2010 07:20:00,MLM0950,PC-9787,Logon
{W3N5-L9ZY93KV-5675GNRE},10/30/2010 12:35:34,MLM0950,PC-9787,Logon
{L1D4-E4HG20CT-5899FRYP},10/30/2010 16:27:00,MLM0950,PC-9787,Logoff
{E6M5-K0WA30AU-3278IDKB},10/31/2010 07:16:00,MLM0950,PC-9787,Logon
{V2D5-E1RM14IH-7758PRVV},10/31/2010 11:18:47,MLM0950,PC-9787,Logon
{T1E1-T3ON13YA-7282WSWS},10/31/2010 16:07:00,MLM0950,PC-9787,Logoff
{Z9N2-X6EM34QY-9575OTVS},11/01/2010 07:22:00,MLM0950,PC-9787,Logon
{S4E7-O3DR78PB-5596ZXZE},11/01/2010 12:19:20,MLM0950,PC-9787,Logon
{R2T7-Y2HO44CU-2015CWSX},11/01/2010 16:07:00,MLM0950,PC-9787,Logoff
{S3B6-S2CW22FQ-4607AECW},11/02/2010 07:22:00,MLM0950,PC-9787,Logon
{K4G9-D5IF61HS-1462DBBM},11/02/2010 09:19:38,MLM0950,PC-4124,Logon
{Q8Y5-U7NX48KJ-3466AVUH},11/02/2010 09:20:40,MLM0950,PC-4124,Logoff
{D3Q2-Q2HW56EH-2481ZZXB},11/02/2010 16:06:00,MLM0950,PC-9787,Logoff
{M9M7-W4IF57RS-6830JOYO},11/03/2010 07:11:00,MLM0950,PC-9787,Logon
{B2V9-W4BX39KZ-9312RDIS},11/03/2010 09:30:38,MLM0950,PC-9787,Logon
{B4C3-J4YC70TM-7210WJRB},11/03/2010 16:19:00,MLM0950,PC-9787,Logoff
{T9E1-C6MY51CO-4142BPTV},11/04/2010 07:26:00,MLM0950,PC-9787,Logon
{H2Y2-B1UM83GR-0609YZXI},11/04/2010 11:48:57,MLM0950,PC-9787,Logon
{W4A3-I0FB45UY-9878YZMI},11/04/2010 16:18:00,MLM0950,PC-9787,Logoff
{E6K8-K1IG45NN-7096GOYB},11/05/2010 07:04:00,MLM0950,PC-9787,Logon
{R0B1-B4PC09MY-2674MUQM},11/05/2010 11:32:16,MLM0950,PC-9787,Logon
{D2O3-S3LM50ZY-4245UWDF},11/05/2010 16:29:00,MLM0950,PC-9787,Logoff
{X1P6-M2SG13GW-1300HJFY},11/07/2010 07:23:00,MLM0950,PC-9787,Logon
{E1W8-S6SU66GA-3505VQAY},11/07/2010 12:24:40,MLM0950,PC-9787,Logon
{P9M0-W6VU55JM-6462JSNG},11/07/2010 16:10:00,MLM0950,PC-9787,Logoff
{P1F7-Z8DQ49AR-9459DXEX},11/08/2010 07:21:00,MLM0950,PC-9787,Logon
{D6Q8-O1SQ71GY-4628GOKI},11/08/2010 11:54:55,MLM0950,PC-9787,Logon
{X6A8-I6TA93BJ-0664PITR},11/08/2010 16:18:00,MLM0950,PC-9787,Logoff
{C3B9-D3VR58XC-4700UEKY},11/09/2010 07:14:00,MLM0950,PC-9787,Logon
{I8I2-H4LE73AD-5946FARN},11/09/2010 11:06:20,MLM0950,PC-4124,Logon
{G0A9-N1SB03EW-4523NMZI},11/09/2010 11:54:57,MLM0950,PC-4124,Logoff
{C4L2-O2FN44ZY-3155JLGZ},11/09/2010 16:21:00,MLM0950,PC-9787,Logoff
{R5S7-J5GZ92HF-2617BVWT},11/10/2010 06:01:44,MLM0950,PC-9787,Logon
{Q8D2-H6MX97LX-4308KKGT},11/10/2010 06:20:26,MLM0950,PC-9787,Logoff
{U4Q6-C2MG98KG-3118JODR},11/10/2010 07:19:00,MLM0950,PC-9787,Logon
{E8G1-Z9QA60UZ-3235BERU},11/10/2010 12:25:06,MLM0950,PC-9787,Logon
{D8R5-M5HG40IK-7332VNAZ},11/10/2010 16:04:00,MLM0950,PC-9787,Logoff
{E6T8-R1VU40LH-8142FIHS},11/11/2010 07:08:00,MLM0950,PC-9787,Logon
{J3T2-N0NR91PV-2045SNNA},11/11/2010 12:45:29,MLM0950,PC-9787,Logon
{S0Q6-M9VR74JY-2942CDEM},11/11/2010 16:13:00,MLM0950,PC-9787,Logoff
{S7U5-O5MX96QF-9955EECR},11/12/2010 07:19:00,MLM0950,PC-9787,Logon
{R9W4-Y0YV94EK-7280BYFA},11/12/2010 10:46:08,MLM0950,PC-9787,Logon
{L8S2-M2QF27OD-0502EVEG},11/12/2010 16:07:00,MLM0950,PC-9787,Logoff
{T2K4-N7NG99NU-7606NQFK},11/15/2010 07:02:00,MLM0950,PC-9787,Logon
{G0E8-M7OL06IV-3079YNTT},11/15/2010 09:57:04,MLM0950,PC-4124,Logon
{Q1S0-U2WU96OW-7825UPHT},11/15/2010 09:59:44,MLM0950,PC-4124,Logoff
{H3V5-U2FV59VS-4647MGWM},11/15/2010 16:17:00,MLM0950,PC-9787,Logoff
{V1Z9-H2OI83PR-1397SSTE},11/16/2010 07:02:00,MLM0950,PC-9787,Logon
{P5Z0-S1EQ82XR-1091MBJZ},11/16/2010 07:51:54,MLM0950,PC-4124,Logon
{Y3V5-X5OD20WN-5898FIXU},11/16/2010 07:57:54,MLM0950,PC-4124,Logoff
{M3C3-L6LU75WB-6400SYSP},11/16/2010 16:05:00,MLM0950,PC-9787,Logoff
{N0T2-H9RR28SY-7689TXZB},11/17/2010 07:06:00,MLM0950,PC-9787,Logon
{Y2F4-O6DZ08KX-8500ZETQ},11/17/2010 12:45:18,MLM0950,PC-9787,Logon
{I2M0-G1FJ71XC-6716OQUV},11/17/2010 16:19:00,MLM0950,PC-9787,Logoff
{E4Y3-D9AE59DA-1711ZBGU},11/18/2010 07:05:00,MLM0950,PC-9787,Logon
{A9P3-L8TZ66LF-4616OWYR},11/18/2010 07:06:54,MLM0950,PC-4124,Logon
{C1Y3-E7MM60RW-4819DRDK},11/18/2010 07:09:59,MLM0950,PC-4124,Logoff
{R9O1-E2SR33AW-2643NJKZ},11/18/2010 10:52:18,MLM0950,PC-9787,Logon
{S0L2-X4FS57HW-7789IXZL},11/18/2010 16:18:00,MLM0950,PC-9787,Logoff
{N3F1-H5YN65HK-2509EKEK},11/19/2010 07:01:00,MLM0950,PC-9787,Logon
{W3T0-L0GD75CA-0971GMMV},11/19/2010 12:16:45,MLM0950,PC-9787,Logon
{R7E8-V1RD48DM-0589KLAO},11/19/2010 16:15:00,MLM0950,PC-9787,Logoff
{W2E3-W2WG72LI-1604LYKG},11/22/2010 07:03:00,MLM0950,PC-9787,Logon
{I0F4-Y4SL26KX-5190YBLH},11/22/2010 07:06:05,MLM0950,PC-4124,Logon
{N5O1-J9NH86FF-5376QWIN},11/22/2010 07:12:31,MLM0950,PC-4124,Logoff
{Y6K5-Y9CR41AC-8606ACSW},11/22/2010 16:22:00,MLM0950,PC-9787,Logoff
{I3A4-W6KQ71CF-0465JFRB},11/23/2010 07:02:00,MLM0950,PC-9787,Logon
{N2D6-E0SF43MC-6573DFSC},11/23/2010 12:11:21,MLM0950,PC-9787,Logon
{T7X8-S1AG27RW-1366FTNV},11/23/2010 16:15:00,MLM0950,PC-9787,Logoff
{B2Y5-H9WP01ZT-0837VRSD},11/24/2010 07:16:00,MLM0950,PC-9787,Logon
{D4G0-B2ZT89JZ-0466DFUP},11/24/2010 10:57:55,MLM0950,PC-9787,Logon
{V5G4-B5LV96YW-3925ZFVI},11/24/2010 16:11:00,MLM0950,PC-9787,Logoff
{P9V8-P2RO86YR-9099EEEY},11/28/2010 07:06:00,MLM0950,PC-9787,Logon
{G8L2-G5XA70GT-7141UVSC},11/28/2010 11:15:46,MLM0950,PC-9787,Logon
{L6E1-Y0AZ55WF-8625WRWE},11/28/2010 16:27:00,MLM0950,PC-9787,Logoff
{I4M5-W2UB23YZ-3035UJAN},11/29/2010 07:13:00,MLM0950,PC-9787,Logon
{N9M7-G1PY44TP-0851NECS},11/29/2010 10:30:33,MLM0950,PC-9787,Logon
{E7B2-L0CB50NK-8045EFPY},11/29/2010 16:29:00,MLM0950,PC-9787,Logoff
{L0S9-Q3FT98KZ-4232PEPX},11/30/2010 07:09:00,MLM0950,PC-9787,Logon
{I1B8-J7EI19GC-2310ATEU},11/30/2010 12:28:30,MLM0950,PC-9787,Logon
{I1O2-Z8EP33AR-4010DFMH},11/30/2010 16:30:00,MLM0950,PC-9787,Logoff
{Y2O3-K0DK08BZ-5698YRSZ},12/01/2010 07:11:00,MLM0950,PC-9787,Logon
{N1A3-W6US30ZU-9295PKHF},12/01/2010 12:18:44,MLM0950,PC-9787,Logon
{J4K4-T5NL85MN-2474ABRP},12/01/2010 16:18:00,MLM0950,PC-9787,Logoff
{Y6D8-H6UB05UW-5543QZGS},12/02/2010 07:21:00,MLM0950,PC-9787,Logon
{Y3E5-O0NV15MN-0143HLSF},12/02/2010 11:04:28,MLM0950,PC-9787,Logon
{A0C7-N9NM28IG-0361DPAF},12/02/2010 16:13:00,MLM0950,PC-9787,Logoff
{S5W4-L8RY35RU-7144BNEH},12/03/2010 07:17:00,MLM0950,PC-9787,Logon
{W6M3-D5CN13DA-9170IKMR},12/03/2010 11:31:20,MLM0950,PC-9787,Logon
{Y2M0-J7QX13CL-4324DHBV},12/03/2010 16:12:00,MLM0950,PC-9787,Logoff
{K8R5-Q4FO51OL-6128ELGM},12/04/2010 07:12:00,MLM0950,PC-9787,Logon
{W9C5-G0AY39IZ-8472NIRH},12/04/2010 13:00:42,MLM0950,PC-9787,Logon
{L3Q9-G5DG82DF-5132FPIS},12/04/2010 16:18:00,MLM0950,PC-9787,Logoff
{F7N7-A1FL41FJ-0388TOAO},12/06/2010 07:09:00,MLM0950,PC-9787,Logon
{B1V3-M3OD30DN-6215NJKZ},12/06/2010 10:54:08,MLM0950,PC-9787,Logon
{M7J0-Q8CT17YZ-3520JYCH},12/06/2010 16:13:00,MLM0950,PC-9787,Logoff
{A7D1-M8CP62QT-4614BIWO},12/07/2010 07:21:00,MLM0950,PC-9787,Logon
{O4U6-J0MD76GX-2161MDSK},12/07/2010 12:05:06,MLM0950,PC-9787,Logon
{H5U1-R2SN52XY-1328KSBI},12/07/2010 16:05:00,MLM0950,PC-9787,Logoff
{N4A5-A2LA49WD-0870VBHC},12/08/2010 07:20:00,MLM0950,PC-9787,Logon
{R4W8-V2VR86VZ-6475XNYP},12/08/2010 12:49:49,MLM0950,PC-9787,Logon
{Y9H3-D7BP59SH-9978UTWY},12/08/2010 16:09:00,MLM0950,PC-9787,Logoff
{B2X2-L3EN18VR-9320BKLE},12/09/2010 07:02:00,MLM0950,PC-9787,Logon
{T9Z4-N2XG51NT-3833CLDQ},12/09/2010 13:00:16,MLM0950,PC-9787,Logon
{F0B1-P7RM51PO-7644MEGL},12/09/2010 16:27:00,MLM0950,PC-9787,Logoff
{W9F9-A4WC15UM-2666WASD},12/10/2010 07:21:00,MLM0950,PC-9787,Logon
{T4U0-Y9DL27LA-6829EUEH},12/10/2010 15:53:28,MLM0950,PC-4124,Logon
{P2I0-P2MO39MB-3385TSRZ},12/10/2010 16:01:05,MLM0950,PC-4124,Logoff
{C1L4-R4NZ40JY-5616TQYU},12/10/2010 16:12:00,MLM0950,PC-9787,Logoff
{C2D5-L2QN61FE-6728VIZY},12/11/2010 01:27:26,MLM0950,PC-9787,Logon
{N2M6-L7YW70VT-8871KLPS},12/11/2010 03:37:36,MLM0950,PC-9787,Logoff
{C3X0-L2HG81HX-7557UMZL},12/13/2010 07:15:00,MLM0950,PC-9787,Logon
{O5K4-S4YC49KZ-2293LOLZ},12/13/2010 10:03:39,MLM0950,PC-9787,Logon
{K7Y1-V5SA56FY-3133WKGH},12/13/2010 16:04:00,MLM0950,PC-9787,Logoff
{U0W8-C1SR27HJ-9942GZFI},12/14/2010 07:15:00,MLM0950,PC-9787,Logon
{U0G0-W6ZL38QA-2024NROR},12/14/2010 07:21:01,MLM0950,PC-4124,Logon
{W4C8-J4FZ46AU-9534UETD},12/14/2010 07:22:52,MLM0950,PC-4124,Logoff
{A7O0-Y6TT95JY-4373XCQM},12/14/2010 16:12:00,MLM0950,PC-9787,Logoff
{S6G5-W7LR26RX-0042ZEQW},12/15/2010 07:25:00,MLM0950,PC-9787,Logon
{Y8O9-Q2UY27BD-7541FZVJ},12/15/2010 12:45:52,MLM0950,PC-9787,Logon
{F0V5-P1XE57KT-7588FRRY},12/15/2010 16:07:00,MLM0950,PC-9787,Logoff
